"","Naive_CD11c_M4","Naive_CD11c_M2","Naive_CD11c_M1","Naive_CD11c_M3","CD11c_6H_M2","CD11c_6H_M1","CD11c_6H_M3","CD11c_6H_M4","MoDC_6H_M4","MoDC_6H_M1","MoDC_6H_M2","MoDC_6H_M3","Naive_MoDC_M3","Naive_MoDC_M1","Naive_MoDC_M2"
"H2-DMa",0.76,1.6,1.34,1.81,-0.07,-0.78,-0.59,-0.38,0,-1.55,-0.38,-1.16,0.22,-0.84,0.03
"Mmp9",1.68,1.81,1.08,1.23,-0.57,-0.85,-1.01,-0.26,0,-0.08,-0.56,-1.1,-1.19,0.13,-0.34
"Celsr1",1.45,0.8,0.53,0.93,-0.24,0.11,0.44,0.42,-1.03,-1.29,-1.36,-1.37,1.42,0.26,-1.08
"Pkd1",1.52,0.82,0.7,0.6,0.19,0.29,-0.14,-1.24,-1.46,-1.04,-1.66,-0.84,0.66,0.96,0.65
"Cd28",0.57,0.49,1.59,0.98,-0.08,0.92,-0.46,-0.39,-1.47,-1.65,-1.21,-0.85,1.25,0.24,0.07
"Pgf",1.21,1.12,1.66,0.91,-0.35,0.24,0.04,-0.24,-1.07,-1.6,-1.38,-0.97,0.49,-0.58,0.52
"Mdk",2.19,-0.17,0.94,0.96,0.97,-0.28,0,0.45,-0.82,-1.7,-1.03,-0.54,-0.04,-1.1,0.16
"Npb",2.2,0.62,0.3,1.07,0.44,-0.3,0.86,0.13,-1,-1.12,-1.15,-1.16,0.04,-1.23,0.31
"Dkk2",1.79,1.4,-0.08,0.72,1.55,0.59,-0.85,-0.21,-0.86,-0.25,-1,-1.01,0.17,-1.07,-0.89
"Bmp6",1.44,1.49,0.04,0.14,1.93,0.7,-0.31,0.22,-0.89,-1.01,-1.04,-0.57,-0.09,-1.13,-0.92
"Hmgb1",2.21,0.52,1.2,-0.27,0.97,0.22,0.05,0.06,-0.32,-1.06,-1.61,-1.23,0.35,-0.18,-0.92
"Celsr2",2.9,0.58,0.32,-0.22,1.07,0.38,-0.07,-0.78,-0.7,-0.8,-0.83,-0.83,0.08,-0.41,-0.71
"Kitl",-1.15,0.22,-0.21,-1.13,1.32,1.41,0.91,0.87,-1.01,-0.28,0.78,1.09,-0.7,-0.64,-1.48
"Yars",-0.35,0.67,0.48,-0.51,1.36,0.7,1.11,1.42,-0.92,0.08,-0.25,-0.48,0.19,-1.51,-1.98
"Bmp1",-0.27,-1.38,-0.21,0.39,0.57,1.24,1.04,1.15,-0.13,0.78,-0.1,0.63,-1,-2.32,-0.38
"Ccl17",-0.11,-0.02,-0.04,0.62,0.81,1.17,1.22,1.23,0.64,-0.6,-0.5,0.06,-0.75,-1.65,-2.07
"Osm",-0.03,-0.15,0.06,0.28,0.65,0.99,1.5,1.47,-0.02,-0.35,-0.08,0.27,-0.77,-1.88,-1.93
"Lta",-0.11,0.25,0.15,0.2,1.12,1.15,1.29,1.13,-0.21,-0.23,0.07,-0.06,-0.96,-1.79,-2.02
"Vcam1",-0.68,-0.18,-0.04,0.01,0.91,1.25,1.24,1.08,-0.28,0.3,0.57,0.5,-1.19,-1.47,-2.02
"Pvr",-0.51,-0.73,-0.36,-0.54,1.08,1.68,1.21,1.38,0.44,0.27,-0.07,0.06,-1.17,-1.43,-1.32
"Cxcl5",-0.64,-0.57,-0.09,-0.07,1.39,1.51,1.42,0.9,0.28,-0.01,0.02,-0.08,-0.86,-1.96,-1.25
"Thbs1",-0.32,-0.1,0.27,0.09,0.93,0.47,0.83,1.62,1.79,-0.5,-0.34,-1.04,-1.27,-1.54,-0.9
"Selp",-0.2,0.76,-0.46,0.13,0.41,0.07,1.77,1.74,0.32,-1,-0.11,-1.08,-0.55,-2.04,0.25
"Csf2",-0.57,-1,-0.79,-0.45,0.29,1.68,1.68,1.55,0.49,-1.14,0.13,0.32,-0.35,-1.27,-0.58
"Cxcl11",-0.59,-1.31,-1.12,0.18,1.35,1.61,1.11,1.57,-0.02,-0.82,0.08,0.06,-0.29,-0.7,-1.11
"Ebi3",-0.79,-0.7,-1.15,-0.8,1.39,1.48,1.39,1.4,0.93,-0.06,-0.37,-0.62,-0.65,-0.83,-0.63
"Cd70",-0.47,-0.35,-0.2,-0.19,1.05,1.5,1.53,1.52,0.73,-1,-0.61,-0.81,-0.48,-1.49,-0.74
"Prok2",-0.33,-0.43,-0.84,-0.64,0.86,1.98,1.15,1.55,0.78,-0.92,-0.95,-0.95,0.07,-0.49,-0.84
"Il23a",-0.54,-0.68,-0.61,-0.42,1.33,1.62,1.7,1.55,-0.1,-0.49,-0.89,-0.37,-0.34,-1.14,-0.61
"Il22",-0.05,-0.74,-0.4,-0.02,0.63,1.64,1.8,1.83,-0.61,-0.55,-0.69,-0.77,-0.23,-1.21,-0.63
"Dll4",0.17,-0.68,-0.16,-0.32,1.35,1.59,1.56,1.55,-0.25,-0.82,-0.98,-0.99,-0.33,-0.81,-0.88
"Icam5",0.44,-0.59,-0.34,-0.2,1.35,1.87,0.84,1.63,-0.9,-0.48,-1.05,-1.05,-0.05,-1.13,-0.33
"Efnb3",-0.23,0.19,-0.81,0.24,1.95,1.37,1.15,1.21,-0.79,-0.88,-0.91,-0.91,0.22,-0.97,-0.81
"Slit1",-0.15,-0.81,0.06,-0.9,1.2,1.18,2.56,0.47,-0.67,-0.76,-0.13,-0.78,0.25,-0.84,-0.69
"Sct",-0.2,-0.71,-0.59,-0.18,0.34,0.12,2.2,2.44,-0.57,-0.66,-0.24,-0.69,0.07,-0.75,-0.58
"Ifng",0.03,-0.5,-0.96,-0.06,0.35,1.19,2.04,2,-0.52,-0.76,-0.3,-0.49,-0.24,-0.51,-1.27
"Il17f",0.57,-0.72,-0.76,-0.26,0.04,1.38,2.04,1.91,-0.74,-0.64,-0.39,-0.87,-0.23,-0.76,-0.55
"Il17a",0.42,-0.64,-0.74,0.12,0.5,1.14,1.96,1.82,-0.92,-0.68,-0.87,-0.88,0.3,-0.59,-0.94
"Fam3c",0.57,0.23,-0.65,-0.08,1.08,0.9,1.2,0.91,0.35,-1.69,-1.13,-1.64,1.13,-0.41,-0.76
"Sema6d",0.22,-0.16,0.54,0.72,1.09,1.57,1.15,0.62,-0.25,-1.96,-1.38,-1.16,0,-0.69,-0.31
"Nrg2",0.66,0.13,0.16,0.32,0.32,2.06,0.8,1.19,-1.32,-1.47,-0.76,-1.52,-0.08,0.01,-0.49
"Ptprm",0.54,-0.27,-0.13,0.58,0.64,1.63,1.63,1.32,-1.24,-1.39,-0.67,-0.68,-0.35,-0.83,-0.79
"Il2",-0.5,-0.19,0.71,0.74,-0.06,1.76,1.69,1.32,-0.94,-1.07,-0.69,-1.11,-0.19,-0.51,-0.97
"Txlna",-0.38,0.47,-0.17,0.33,0.62,0.95,1.76,1.52,-0.53,-1.07,-0.94,-1.87,-0.97,0.12,0.15
"Tg",0.46,0.91,0.56,0.34,0.83,0.8,1.64,0.84,-1.15,-0.89,-1.33,-1.33,-0.33,-1.43,0.07
"Rps19",-0.04,0.37,0.75,0.56,1.23,0.88,1.49,1.28,-1.44,-0.74,-1,-1.26,-0.35,-0.68,-1.03
"Amigo2",0.33,0.28,-0.01,0.35,1.02,1.12,1.65,1.58,-0.77,-0.96,-0.72,-0.82,-0.6,-0.95,-1.49
"Wnt10a",0.23,0.37,-0.13,0.49,1.13,1.03,1.48,1.62,-0.74,-0.9,-0.51,-1.26,-0.35,-1.36,-1.11
"Wnt10b",-0.36,1.2,0.86,-0.09,-0.8,0.95,2.1,1.13,-0.82,-0.93,-0.43,-0.96,0.01,-1.03,-0.84
"Cx3cl1",-0.44,-0.12,0.71,0.7,0.49,1.34,1.35,1.37,0.43,-1.42,-0.33,-0.41,-1.39,-1.04,-1.24
"Gzmb",-0.06,-0.78,-0.48,0.63,0.01,0.86,2.04,1.9,0.05,-1.21,-0.08,-0.17,-0.48,-1.18,-1.07
"Xcl1",-0.12,-0.06,-0.11,0.94,-0.3,1.16,1.63,1.65,-0.37,-1.84,-0.03,-0.2,-0.71,-0.17,-1.47
"Ccl24",0.17,0.28,1.05,1.9,-0.43,0.71,1.56,0.44,0.01,-0.87,-1.35,-0.78,-0.52,-1.26,-0.9
"Il4",0.99,-1,0.56,1.15,-0.63,1.12,1.52,1.45,-0.68,-0.88,-0.93,-0.94,-0.31,-1.06,-0.36
"Tnfsf11",1.24,-0.51,0.4,1.28,-0.07,0.46,1.1,1.32,-0.13,-1.22,-1.26,-0.8,0.64,-1.36,-1.11
"Icosl",0.62,0.37,0.73,0.33,1.12,0.93,0.98,0.93,0.21,-0.38,-0.38,-0.83,-0.9,-2,-1.75
"Sema7a",0.47,0.38,0.5,0.45,1.05,1.21,1.23,1.26,-0.02,-1.2,-0.93,-0.92,-0.67,-1.48,-1.31
"Ccl22",0.43,-0.09,0.19,0.15,1.2,1.34,1.16,1.26,0.39,-0.87,-0.61,-0.47,-0.74,-1.7,-1.62
"Cd86",0.35,0.39,0.48,0.42,0.95,1.27,1.2,1.14,-0.05,-0.83,-0.36,-0.53,-0.92,-1.75,-1.74
"Il13",1.19,-0.25,-0.15,0.12,0.64,1.13,1.44,1.33,-0.1,-0.07,-0.81,-0.62,-0.51,-1.83,-1.51
"Adm",0.14,-0.03,0.15,0.42,1.38,1.49,1.33,1.02,-0.53,-0.57,-0.85,-0.32,-0.54,-1.92,-1.17
"Itga9",0.73,-1.07,0.46,0.68,1.21,1.3,1.24,0.89,-0.19,-1.34,-0.1,-0.73,-0.36,-1.49,-1.22
"Efna2",1.38,-0.2,0.47,0.5,1.04,1.22,1.23,0.87,-0.94,-0.83,-0.89,-1.59,-0.45,-0.82,-0.98
"Egf",1.84,0.06,1,0.68,0.99,0.72,0.86,0.4,-0.69,-1.21,-0.73,-0.98,-0.48,-1.41,-1.05
"Cadm1",-0.37,0.88,0.84,0.89,0.63,1.44,0.13,-0.56,-2.56,-1.44,-0.16,-0.12,0.31,-0.05,0.14
"Esam",0.52,1.43,0.85,0.59,1.37,1.17,0.06,-0.08,-1.31,-1.99,-0.08,-0.41,-0.64,-0.79,-0.69
"L1cam",1.17,1.06,0.91,1.15,0.54,0.53,0.59,0.68,-0.26,-1.07,-1.53,-1.38,-1.17,-1.07,-0.17
"Flt3l",1.3,1.47,1.08,1.38,0.06,0.25,0.28,0.22,-0.54,-1,-1.19,-1.52,-1.32,-0.32,-0.17
"Tgfb3",0.27,1.66,1.25,1.76,0.55,0.08,0.4,-0.07,-0.75,-1.24,-0.71,-0.33,-0.35,-1.39,-1.13
"Itgb7",1.58,1.32,1.29,1.12,0.7,0.19,-0.47,-0.16,-0.3,-1.48,-0.85,-1.25,0.04,-0.89,-0.84
"Gdf11",1.46,1.49,1.39,0.68,1.2,0.21,-0.36,-0.54,-0.38,-1.08,-1.12,-0.63,-0.12,-1.2,-0.98
"Ctsg",1.26,0.73,0.36,0.46,1.08,0.54,0.53,1.28,-0.81,-0.39,-1.33,-1.45,0.29,-1.46,-1.12
"Icam2",1.25,0.98,0.88,0.76,1.01,0.49,0.77,0.28,-0.86,-1.38,-1.2,-1.05,0.43,-1.31,-1.06
"Jag2",2,1.34,0.72,0.81,0.67,0.16,0.21,0.4,-0.91,-1.03,-1.06,-1.07,-0.17,-1.15,-0.93
"Selplg",1.35,0.66,0.87,0.66,0.84,0.86,0.21,0.68,-1.91,-1.17,-1.15,-1.36,0.29,-0.49,-0.35
"Nectin1",0.79,0.9,1.25,1.01,0.67,0.85,0.35,0.66,-1.33,-1.68,-1.13,-1.25,0.14,-0.74,-0.5
"Nmb",0.69,1.4,0.63,1.36,0.89,0.84,0.27,0.38,-0.81,-1.03,-1.28,-1.47,0.14,-0.75,-1.24
"Spn",0.78,1.06,1,1.14,1.04,0.5,0.38,0.87,-0.54,-1.56,-1.16,-1.52,-0.76,-0.74,-0.48
"Il16",0.86,1.05,1.07,1.09,0.89,0.71,0.51,0.63,-0.86,-1.6,-1.24,-1.39,-0.27,-0.71,-0.74
"Pecam1",0.68,0.82,0.68,0.83,1.22,0.97,0.96,0.89,-0.83,-1.41,-0.98,-1.1,-0.62,-1.3,-0.81
"Cd6",0.68,1.01,1.14,1.08,0.95,0.85,0.75,0.55,-1.11,-1.1,-1.14,-1.02,-0.53,-1.42,-0.7
"Adam23",1.4,0.91,1.21,0.78,0.88,0.79,0.48,0.44,-1.04,-1.16,-0.99,-1,-0.38,-1.28,-1.06
"Tnfsf14",1.1,0.73,1.1,0.83,0.88,0.64,0.54,1.13,-0.98,-1.41,-0.67,-1.2,-0.46,-0.95,-1.29
"Ltf",1.4,0.92,0.86,0.84,0.65,0.59,0.55,1.12,-0.86,-1.18,-0.95,-1.33,-0.35,-1.15,-1.1
"Hmgb2",1.77,0.48,0.58,0.7,0.61,0.32,0.15,1.62,-0.47,-1.02,-0.42,-0.78,-1.22,-0.69,-1.64
"Rabep2",0.84,0.82,0.76,1.05,1.02,0.85,0.96,0.78,-0.8,-0.61,-0.89,-1.2,-0.9,-1.22,-1.46
"Cd80",0.78,0.51,0.77,0.6,0.94,1.19,1.05,1.18,-0.6,-0.82,-0.88,-1.27,-1.01,-1.2,-1.23
"Nrg1",0.65,1.06,1.24,1.09,0.83,0.76,0.48,0.63,-0.09,-0.7,-1.23,-0.99,-0.85,-1.5,-1.36
"Pdcd1lg2",0.83,0.85,1.18,1.01,0.48,0.78,0.85,0.8,-0.22,-1.12,-1.14,-1.15,-0.39,-1.18,-1.58
"Cd24a",1.36,0.7,0.87,0.82,0.44,0.55,0.66,1.19,-0.64,-1.35,-1.15,-0.85,0.07,-1.22,-1.46
"Camp",1.1,0.73,0.7,0.81,0.69,0.72,0.76,1.39,-0.39,-1.24,-0.77,-0.9,-0.89,-1.17,-1.54
"Pglyrp1",1.66,0.88,0.53,0.74,0.88,0.49,0.71,0.97,-0.68,-1.35,-0.89,-0.97,-0.61,-1.26,-1.1
"Btla",0.93,0.7,0.68,0.77,0.71,1.19,1.29,0.57,-1.11,-1.29,-0.94,-0.34,-0.53,-1.48,-1.15
"Sell",0.56,0.95,0.73,0.76,0.98,0.96,1.09,0.99,-0.76,-1.21,-0.8,-1.07,-0.66,-0.98,-1.55
"Cd2",0.59,1.03,0.83,0.92,1.03,0.98,0.86,0.76,-0.75,-1.63,-0.72,-0.82,-0.85,-0.87,-1.36
"Ltb",0.91,0.93,0.81,0.72,1.16,0.89,0.86,0.74,-0.63,-1.46,-0.81,-0.96,-0.65,-1.05,-1.45
"Tnfrsf11b",-0.66,0.06,1.41,1.06,0.99,1.54,0.75,0.77,-0.46,-1.33,-0.72,-0.73,-0.36,-1.13,-1.21
"Dscam",-0.51,0.83,1.66,0.98,0.38,0.71,1.22,0.93,-0.97,-1.09,-0.65,-1.13,-0.15,-1.21,-1
"Cxcl12",-0.59,1.06,0.97,0.9,1.81,-0.59,1.55,-0.18,-0.47,-0.68,-0.74,-0.31,-0.15,-1.41,-1.17
"Jam3",-0.43,0.67,1.82,0.75,1.73,0.09,0.93,-0.38,-0.2,-1.13,-1.16,-0.49,0.06,-1.24,-1.03
"Nid1",0.51,1.36,0.96,0.59,0.59,1.1,0.92,-0.59,-0.32,-0.65,-0.73,-0.75,0.48,-1.67,-1.79
"Col18a1",0,1.29,0.82,0.85,1.81,0.82,0.87,-0.92,-0.61,-0.48,-0.63,-0.75,-0.54,-1.71,-0.8
"Col4a1",0.64,1.23,0.53,0.62,1.8,0.99,0.87,-0.43,-1.4,-0.55,-0.54,-1.14,-0.68,-1.06,-0.9
"Cadm3",-0.32,0.77,1.58,0.1,1.77,1,1,-0.25,-0.87,-0.97,-0.99,-1,0.13,-1.06,-0.89
"Sema3f",-0.49,1.37,1.32,0.64,1.34,1.4,0.31,0.09,-0.93,-1.05,-1.08,-0.64,-0.15,-1.17,-0.96
"Calcb",0.33,1.13,1.47,0.65,1.49,1.09,0.06,0.17,-0.93,-1.05,-1.08,-1.09,-0.12,-1.16,-0.95
"Cdh5",-0.54,0.74,-0.29,0.7,1.54,1.19,1.8,-0.33,-1.48,-0.13,0.1,-0.5,-0.71,-1.42,-0.67
"Itga4",-0.1,0.45,0.65,0.7,0.92,1.24,1.12,0.7,-0.34,0,-0.09,-0.3,-2.15,-1.41,-1.38
"Clcf1",0.62,0.59,0.76,0.76,0.77,0.71,0.76,0.61,-0.49,0.19,0.14,-0.04,-1.7,-1.59,-2.09
"H2-T23",0.46,-1.59,-1.53,-1.62,1.61,0.67,0.72,0.15,-0.15,0.91,0.75,0.37,0.52,-0.83,-0.44
"Cdh15",-0.26,-1.16,-1.02,-1.27,0.17,0.94,0.95,1.67,0.09,1.59,-0.24,0.42,0.33,-1.19,-1.01
"Ccl20",-0.34,-0.97,-0.82,-1.09,-0.12,2.22,0.7,1.96,-0.17,0.08,0.02,0.33,0.04,-1,-0.82
"Areg",-0.64,-0.87,0.01,-1.12,0.15,0.89,2.17,0.88,0.89,-0.22,0.71,0.08,-0.15,-1.52,-1.26
"Gdf15",-0.63,-1.28,-0.84,-1.06,1.06,1.31,1,1.2,-0.02,0.8,0.86,0.59,-0.69,-1.05,-1.25
"Csf3",-0.61,-1.05,-0.87,-1.08,1.49,1.24,1.42,1.34,0.33,-0.09,0.32,0.21,-0.39,-1.24,-1.04
"Lif",-0.85,-1.26,-0.74,-0.46,0.87,1.58,1.79,1.39,0.26,-0.11,0.18,-0.02,-0.55,-1.06,-1.01
"Ifnb1",-0.53,-1.16,-0.98,-1.31,0.74,1.08,1.9,1.37,0.03,0.71,0.16,0.22,-0.3,-0.95,-0.98
"Dll1",-0.89,-0.71,-0.71,-0.57,0.81,1.43,1.61,1.72,-0.31,0.51,0.37,-0.38,-0.55,-1.12,-1.2
"Fbrs",0.57,-0.62,-0.32,-0.7,0.69,0.68,-0.02,0.55,-0.39,1.32,1.58,0.86,-0.93,-1.51,-1.78
"Flrt3",-0.38,-0.4,-0.12,-0.24,0.12,0.36,0.06,-0.42,1.95,0.93,0.98,1.32,-1.13,-1.47,-1.57
"Hbegf",-0.36,-0.98,-0.82,-0.34,-0.45,0.09,0.46,-0.13,1.44,1.03,1.61,1.6,-0.96,-0.94,-1.25
"Cd274",-1.17,-0.88,-0.46,-0.75,-0.01,0.28,0.49,0.45,1.31,1.28,1.37,1.3,-1.47,-0.85,-0.87
"H2-M3",-0.89,-0.34,-0.47,-0.34,-0.31,0.53,0.78,0.16,0.95,1.24,1.36,1.36,-1.66,-1.4,-0.97
"Ereg",-0.41,-1.12,-0.96,-1.24,0.4,0.32,0.36,0.83,2.28,0.45,0,1.17,0.03,-1.16,-0.96
"Il33",-0.57,-1.26,-1.07,-1.42,0.29,1.18,1.21,0.03,1.7,0.32,0.9,0.71,-0.27,-0.66,-1.07
"Il1a",-0.76,-1.46,-0.89,-1.07,0.56,1.01,1,0.94,1.45,0.56,0.33,0.85,-0.14,-1.32,-1.06
"Tnfsf9",-0.5,-0.88,-0.53,-0.61,0.7,1.01,0.75,0.92,1.26,0.92,0.73,0.4,-0.83,-1.74,-1.6
"Hdc",0.14,-0.4,-0.65,-0.44,0.95,0.88,1.23,1.22,1.15,0.16,0.04,0.17,-0.95,-1.53,-1.97
"Ccl7",-0.55,-0.84,-0.91,0.08,0.54,0.87,1.57,1.17,1.67,-0.27,0.07,0.12,-0.81,-1.52,-1.19
"Il10",-0.37,-1,-0.95,-0.94,0.78,0.49,1.04,0.82,2.32,-0.18,0.71,-0.12,-0.42,-1.22,-0.95
"Plat",-0.65,-0.76,-1.22,-0.79,0.67,0.72,0.88,0.5,2.4,0.18,0.37,0.36,-0.34,-1.12,-1.21
"Ccl12",-0.78,-1.32,-1.07,-0.31,-0.38,0.61,1.18,1.1,1.18,0.9,1.08,0.75,-0.49,-1.39,-1.07
"Cxcl9",-0.71,-1.08,-1.32,0.36,-0.69,-0.04,1.24,1.94,0.72,0.99,0.77,0.3,-0.34,-0.81,-1.32
"Cxcl1",-1.41,-1.25,-0.83,-1.2,0.6,0.72,0.73,0.45,0.93,1.24,1.14,1.12,-0.93,-0.48,-0.84
"Ptgs2",-1.31,-1.37,-0.81,-1,0.64,0.97,0.88,0.62,0.74,0.99,1.16,1.04,-1.03,-0.62,-0.9
"Cxcl10",-1.12,-1.5,-1,-0.67,0.51,0.71,0.88,0.87,1.05,0.98,1.03,0.99,-1.04,-0.6,-1.1
"Tnfsf15",-0.85,-1.4,-1.07,-1.19,0.78,0.96,0.91,0.75,0.97,0.89,0.97,0.87,-0.62,-0.91,-1.07
"Il12b",-1.05,-0.95,-1.17,-0.95,0.59,0.85,0.97,0.8,1.44,0.8,0.94,0.68,-0.9,-0.78,-1.26
"Agrn",-1.72,-0.92,-0.99,-0.6,0.69,1.29,0.91,0.94,0.66,0.89,0.69,0.83,-0.88,-0.57,-1.22
"Ccl4",-0.96,-0.89,-1,-0.67,0.84,1.02,1.11,0.92,0.87,0.79,0.8,0.78,-1.27,-1.11,-1.24
"Cxcl2",-1.06,-0.86,-0.76,-0.79,0.81,0.79,0.84,0.74,0.83,1.01,1.05,0.97,-1.7,-0.74,-1.1
"Tnf",-1.11,-1.14,-0.97,-0.99,0.86,0.89,0.83,0.7,0.7,1.09,1.07,1.02,-1.14,-0.77,-1.04
"Ccl3",-1.17,-1.07,-0.97,-0.91,0.76,0.84,0.88,0.74,1.02,0.93,1.02,0.98,-1.11,-0.85,-1.11
"Il12a",-0.92,-0.85,-0.83,-0.74,0.39,0.73,0.76,0.5,0.43,1.31,1.38,1.28,-0.88,-0.93,-1.61
"Icam1",-0.76,-0.7,-0.5,-0.54,0.53,0.68,0.68,0.55,0.43,1.26,1.35,1.19,-1.2,-1.29,-1.67
"Cd40",-0.6,-0.64,-0.63,-0.5,0.65,0.75,0.81,0.73,0.81,1.02,1.09,0.94,-1.39,-1.31,-1.73
"Edn1",-0.75,-0.89,-0.88,-0.69,0.36,0.52,0.86,0.57,0.91,1.12,1.35,1.18,-0.9,-1.26,-1.5
"Ccl5",-0.94,-0.71,-0.56,-0.6,0.45,0.61,0.66,0.55,1.15,1.15,1.18,1.08,-1.18,-1.32,-1.51
"Il6",-1.18,-0.92,-0.79,-0.62,0.42,0.84,1.02,0.56,0.92,0.87,1.06,1.27,-0.85,-1.12,-1.48
"Il18",-1.31,-0.53,-0.95,-0.46,0.32,0.8,0.74,0.77,0.91,1.06,1.27,0.96,-0.88,-1.11,-1.59
"Il1b",-0.84,-0.93,-0.78,-0.68,0.28,1.04,1.14,0.06,1.54,0.58,0.81,1.21,-1.26,-0.82,-1.34
"Ccl2",-1.08,-1,-0.72,-0.33,0.38,0.76,1.1,0.91,1.49,0.53,0.7,0.95,-1.15,-1.26,-1.29
"Jam2",-0.47,-0.2,-0.5,-0.27,-0.07,0.12,-0.89,-0.6,1.74,-1.03,0.25,2.63,0.5,-0.28,-0.93
"Cmtm6",-0.82,0.11,0.31,0.2,-0.72,0.35,0.51,0.31,0.72,0.85,1.17,1.05,-2.75,-0.43,-0.86
"Ptprc",-1.87,-0.26,-0.15,0.08,-0.02,0.65,0.87,0.63,0.28,1.06,1.09,1,-2.18,-0.55,-0.64
"Itgal",-1.65,-0.34,-0.43,-0.41,-0.8,0.15,0.67,-0.08,0.21,1.97,1.29,0.95,-1.78,0.15,0.11
"Cd200",-0.91,-1.19,-0.72,-0.75,-0.71,0.25,0.18,0.22,0.63,1.26,1.72,1.7,-1.41,0.18,-0.43
"Nampt",-0.63,-0.38,-0.66,-0.44,-1.37,-0.01,0.8,0.66,0.54,1.42,1.51,1.39,-1.28,-0.26,-1.29
"Il1rn",-1.2,-1.29,-1.17,-1.01,-0.15,0.11,0.38,0.08,2.15,0.86,1.16,1,-0.76,0.04,-0.2
"Nectin2",-1.56,-1.7,-1.04,-0.84,0.09,0.36,0.96,0.58,1.17,0.99,1.32,0.94,-0.43,-0.42,-0.43
"Il27",-0.79,-1.42,-1.12,-1.06,0.35,0.5,0.61,0.47,0.83,1.35,1.43,1.23,-0.67,-0.7,-1
"Il15",-0.9,-1.16,-0.78,-0.7,-0.11,0.44,0.48,0.4,0.88,1.37,1.55,1.45,-1.08,-0.67,-1.18
"Tnfsf10",-0.94,-1.15,-0.9,-0.66,0.03,0.47,0.63,0.69,0.97,1.22,1.35,1.36,-0.63,-1.12,-1.3
"Nlgn2",-0.29,-0.69,-1.23,-1.29,-0.44,0.12,0.44,0.58,1.08,1.51,1.44,1.31,-1.14,-0.57,-0.82
"Nts",-0.49,-1.12,-0.95,-1.27,-0.17,-0.46,0.56,0.59,1.73,1.27,1.38,0.95,-0.23,-0.84,-0.95
"Inhba",-0.93,-1.24,-1.02,-1.2,0.04,0.2,0.19,0.12,1.41,1.35,1.41,1.41,-0.23,-0.7,-0.82
"Csf1",-1,-1.14,-0.99,-0.9,-0.09,0.09,0.63,0.35,1.3,1.28,1.29,1.57,-0.75,-0.79,-0.86
"Serpine2",-0.73,-1.01,-0.21,-0.85,0,-0.09,-0.07,0.75,2.65,-0.36,0.97,1.15,-0.95,-0.62,-0.64
"Tnfsf8",-0.65,-1.22,-0.29,-0.17,-0.22,0.81,0.94,0.61,2.06,0.02,0.9,0.72,-0.88,-1.66,-0.96
"Insl6",-1.77,-0.41,-0.02,-0.15,-0.46,1.04,1.04,0.55,1.94,0.33,0.51,0.59,-0.84,-1.14,-1.23
"Pdgfa",-1.04,-0.94,-0.95,-1.2,1.02,0.03,0.02,-0.86,0.33,-0.29,-0.32,-0.43,1.95,1.23,1.45
"Vegfa",-1.55,-0.65,-0.89,-0.81,0.35,0.54,0.86,0.8,0.02,-0.72,-0.92,-1.06,1.4,1.23,1.4
"Hebp1",0.31,0.2,-0.04,0.24,-1.85,-1.06,-0.49,-0.09,-1.02,-0.35,-0.27,-0.18,2.21,1.06,1.32
"Fgf11",0.4,0.36,-0.25,-0.38,-0.72,-1.05,-0.74,-0.85,-0.75,-0.38,-0.43,-0.08,2.73,1.03,1.11
"Cmtm4",-0.32,0.58,0.62,-0.66,-0.24,0.73,-2.24,-0.21,-0.83,0.12,-0.01,-1.17,0.64,1.23,1.76
"Dchs1",-0.31,-0.42,0.36,0.31,0.9,-0.16,-0.8,-0.91,-0.82,-0.93,-0.96,-0.96,1.05,2.02,1.62
"Glg1",0.74,0.55,0.04,-0.43,0.27,-0.66,-1.38,-1.71,0.04,-0.46,-0.46,-0.58,0.48,1.43,2.13
"Vegfb",0.02,0.84,0.76,0.34,0,-1.4,-2,-1.01,0.01,-0.39,-0.46,-0.51,1.08,1.14,1.58
"Cmtm8",1.37,0.26,1.26,0.1,-0.6,-0.85,-0.3,-1.92,-0.71,0.72,-0.87,-0.14,-0.82,1.24,1.27
"Cdh1",0.51,0.53,1.03,0.56,-2.13,-0.69,-0.77,0.02,0.33,-0.74,-0.26,-1.48,0.55,1.32,1.23
"Lefty1",1.77,-0.73,1.32,0.73,-0.96,-0.27,-0.41,0.61,-0.99,-1.12,-0.66,-1.16,-0.15,1.48,0.56
"Gpi1",1.41,0.3,-0.64,-0.88,0.3,-1.26,-1.65,-1.25,0.3,0.25,-0.06,-0.02,1.96,0.5,0.74
"Ceacam1",1.38,0.71,0.33,0.36,-0.4,-1.34,-2.8,0.09,0.95,-0.23,-0.04,-0.09,0.26,0.14,0.69
"Tfpi",-0.23,-0.11,-0.23,0.17,-0.68,-0.7,-1.12,-1.81,1.3,0.74,-0.34,0.28,-0.55,1.97,1.32
"Calm2",-1.38,0.32,0.16,0.2,-1.05,-0.95,-1.45,-0.43,0.13,-0.14,0.21,0.09,0.48,1.72,2.09
"Alox5ap",-0.11,0.3,0.01,-0.25,-1.2,-1.46,-1.9,-1.07,0.82,0.42,0.45,0.47,1,1.3,1.24
"Plxnb2",0.05,-0.21,0.08,-0.02,-1.1,-1.27,-1.32,-1.56,0.03,0.55,0.35,0.01,1.3,1.55,1.56
"Mag",-0.62,-0.79,-0.51,-0.08,-1.09,-1.18,-1.11,-0.9,-0.03,0.28,0.82,1.06,1.91,1.25,0.99
"Nenf",-0.17,-0.88,-0.62,-0.72,-1.4,-1.19,-0.64,-0.93,0.16,0.99,0.89,0.85,1.87,0.84,0.96
"Cck",-0.27,-0.69,-0.8,-1.17,-0.97,-0.95,-0.99,-1.1,1.62,0.87,0.82,0.71,1.05,0.89,0.99
"Anxa1",0.01,-0.48,-0.79,-1.13,-1.14,-0.89,-0.83,-1.04,1.52,0.11,0.27,0.44,1.29,1.67,1
"Gpnmb",-0.6,-0.58,-0.31,-1.06,-1.24,-0.39,-1.32,-1.29,0.58,0.87,0.9,0.89,1.42,1.09,1.05
"Lgals3",-0.48,-0.63,-0.56,-1.03,-0.99,-0.8,-1.28,-1.25,0.76,1.05,0.86,0.97,1.2,0.92,1.25
"Lrpap1",-0.61,-0.98,-0.81,-0.94,-0.86,-0.86,-0.99,-1.13,0.84,1.07,1.02,1,1.28,0.96,0.99
"Psap",-0.56,-0.75,-0.89,-0.71,-1.12,-0.91,-1.07,-1.1,0.99,0.83,0.9,0.85,1.27,1.19,1.08
"Itgb2",-0.8,-0.69,-0.68,-0.67,-1.05,-0.99,-1.13,-1.1,0.9,1.1,1.05,1.05,0.68,1.11,1.22
"Cxcl14",-0.66,-0.67,-0.92,-0.94,-1.05,-0.79,-1.07,-1,0.64,1.05,0.95,1.09,0.88,1.27,1.24
"Trf",-0.73,-0.47,-0.64,-0.89,-1.23,-0.91,-1.23,-0.96,0.77,0.99,0.93,0.95,1.16,1.16,1.11
"Tnfsf12",-0.87,-0.51,-0.4,-0.25,-1.36,-0.69,-1.16,-1.35,0.55,0.61,0.63,0.73,1.09,1.47,1.52
"Adam15",-0.87,-0.27,-0.52,-0.35,-1.06,-1.34,-1.35,-1.1,0.98,0.82,0.87,0.9,1,1.05,1.22
"Itgam",-0.67,-0.47,-0.5,-0.41,-1.55,-1.13,-1.1,-1.03,1.24,0.97,0.95,0.87,0.65,1.05,1.15
"Fat3",1.32,-0.92,-0.78,-1.04,-0.73,-1,-0.75,-0.84,0.37,0.77,0.42,-0.34,0.08,1.75,1.68
"Cd320",0.06,-0.07,-0.89,-0.99,-0.35,-0.67,-1.39,-0.98,-0.68,0.6,0.26,0.68,0.77,2.14,1.5
"Plau",0.33,-1.54,-1.31,-1.24,-0.53,-1.15,-0.05,0.07,0.33,1.03,1.11,0.22,0.86,0,1.87
"Mif",0.39,-1.15,-2.09,-1.4,0.11,-0.93,0.73,0.67,1.82,0.29,0.8,0.04,0.5,0.02,0.2
"Calm1",0.38,-1.84,-0.9,-0.73,-0.79,-0.41,-0.38,0.75,1.41,1.49,0.95,0.81,0.57,-1.24,-0.07
"Nppc",-0.22,-0.29,-0.7,-0.93,0.03,-0.89,-0.67,-0.16,2.69,1.51,0.52,0.51,0.14,-0.85,-0.69
"C3",-0.53,-0.71,-1.16,-0.63,-0.52,-0.48,-0.34,0.15,2.47,1.05,1.18,0.63,0.58,-0.67,-1.02
"Itgb1",-0.7,-0.6,-0.24,-1.07,-0.59,-0.4,-1.41,-1.15,1.39,1.23,1.53,1.47,0,0.18,0.38
"Tnc",-0.41,-0.96,-0.8,-1.1,-0.75,-1.05,-0.17,-0.87,1.25,1.45,1.36,1.71,0.34,-0.17,0.15
"Adam17",-1.22,-0.94,-0.65,-0.84,-0.6,-0.59,-0.6,-0.64,1.41,1.49,1.55,1.55,0,0.03,0.03
"Jag1",-0.62,-1.33,-0.8,-1.07,-0.68,-0.23,-0.45,-0.7,1.37,1.65,1.53,1.31,0.35,-0.11,-0.23
"Cxcl16",-0.97,-1.12,-0.77,-1.36,-0.61,-0.38,-0.36,-0.52,1.28,1.41,1.61,1.41,0.46,0.05,-0.12
"Serpine1",-0.62,-1.07,-0.81,-1.2,0.05,-0.28,-0.19,-0.82,2.07,1.29,1.32,1.22,-0.59,-0.26,-0.09
"Timp1",-1.03,-0.82,-0.92,-1.02,-0.39,-0.51,-0.34,-0.63,2.48,0.92,1.11,1.08,0.04,-0.15,0.17
"Psen1",-0.88,-0.71,-1.07,-1.54,-0.59,-0.43,-0.4,-0.53,1.21,1.35,1.56,1.5,-0.08,0.18,0.43
"Arf1",-0.7,-0.6,-1.2,-1.44,-0.42,-0.38,-0.64,-0.63,1.86,1.25,1.19,1.12,-0.41,0.22,0.79
"Mmp13",-0.8,-1.1,-0.84,-1.62,-0.78,-0.06,-0.2,-0.75,1.72,0.83,1.23,1.42,0.05,0.64,0.25
"Alcam",-1.25,-1.24,-0.82,-1.58,-0.27,-0.09,-0.37,-0.47,1.19,1.16,1.38,1.31,-0.26,0.72,0.6
"Col5a3",0.15,-1.09,-0.92,-0.45,-0.42,-0.85,-0.88,-0.99,0.84,1.59,1.41,1.84,-0.19,0.46,-0.49
"Fbn1",-0.5,-0.32,-0.43,-0.92,-0.96,-0.49,-0.37,0.2,0.42,2.09,1.38,1.79,-0.12,-0.76,-1.01
"Penk",-0.7,-1.22,-1,-0.65,-0.5,-0.28,-0.41,-0.17,1.81,1.85,1.2,1.21,-0.49,-0.22,-0.43
"Thbs4",-0.31,-0.51,-0.65,-0.91,-0.6,-0.61,-0.62,-0.41,2.05,1.35,1.54,1.26,-0.11,-0.82,-0.65
"Artn",-0.43,-1.02,-0.53,-0.69,-0.46,-0.45,-0.81,-0.37,1.29,1.72,1.34,1.73,0.32,-0.78,-0.85
"Pdgfb",-1.86,-0.96,-0.99,-1.5,0.78,0.24,-0.54,-0.37,-0.15,1.06,0.62,0.66,1.45,0.75,0.81
"Plekho2",-1,-0.75,-0.96,-0.95,-0.89,-0.71,-0.75,-0.69,0.93,1.39,1.61,1.41,0.03,0.72,0.61
"Sema4d",-1.24,-0.92,-0.92,-0.68,-0.74,-0.61,-0.67,-0.62,0.67,1.59,1.6,1.46,-0.18,0.48,0.78
"Nptn",-1.72,-0.56,-0.9,-0.71,-0.81,-0.68,-0.6,-0.45,0.52,1.09,1.14,1.17,-0.16,1.47,1.19
"Rtn4",-1.64,-0.89,-0.64,-0.89,-0.92,-0.37,-0.55,-0.42,0.7,1.33,1.51,1.34,-0.26,0.89,0.82
"Crlf2",-1.54,-0.91,-0.73,-0.48,-1.12,-0.6,-0.47,-0.7,0.72,1.37,1.25,1.3,-0.11,1.02,1.01
"Pros1",-0.87,-1.46,-1.2,-0.82,-0.33,-0.31,-0.68,-0.88,1.27,0.61,1,1.14,-0.03,1.32,1.24
"Flrt2",-0.49,-1.17,-1.11,-1.24,-0.25,-0.85,-0.87,-0.88,1.08,1.27,1.29,1.22,0.57,0.73,0.71
"Pcdh7",-0.45,-1.2,-0.9,-1.21,-0.62,-0.44,-1.01,-0.86,1.02,1.38,1.29,1.34,0,0.88,0.78
"Pik3cb",-0.58,-1.14,-1.03,-0.97,-0.88,-0.63,-1.06,-0.69,0.82,1.43,1.3,1.13,0.42,0.89,0.98
"Spp1",-0.78,-0.71,-0.8,-1.31,-0.97,-0.64,-0.95,-0.95,1.29,0.99,1.03,1.04,1.02,0.91,0.85
"App",-0.89,-0.8,-0.8,-1.13,-0.81,-0.73,-0.95,-0.98,1.23,1.3,1.23,1.17,0.78,0.64,0.73
"Npy",-0.75,-0.96,-0.52,-1.39,-0.81,-0.63,-0.7,-1.19,0.51,1.14,1.16,1.18,0.7,1.14,1.11
"Igf1",-0.96,-1.04,-0.83,-0.85,-1.17,-0.65,-0.8,-0.84,0.82,1.12,1.07,1.08,0.81,1.14,1.12
"Vwf",-0.8,-1.56,-1.12,-1.29,-0.4,-0.69,-0.39,-0.43,0.87,0.7,0.6,0.68,1.54,1.15,1.13
"Grn",-1.35,-1.07,-1.15,-0.97,-0.79,-0.78,-0.3,-0.58,1.07,1.13,0.96,1.02,0.73,0.99,1.1
"Hdgf",-0.7,-1.02,-1.28,-1.79,-0.83,-0.34,0.04,-0.55,0.43,1.19,0.95,0.91,0.68,1.1,1.22
"Mpz",-0.27,-0.86,-0.73,-0.96,-0.68,-0.93,-0.7,-0.78,-0.09,1.17,1.09,0.08,0.08,2.17,1.42
"Dusp18",-0.59,-0.93,-0.34,-0.66,-1.05,-1.07,-1.07,-0.78,0.72,0.98,0.9,0.07,0.46,1.49,1.87
"Gdf3",-0.1,-1.18,-0.45,-1.34,-0.94,-1.03,-0.64,-0.78,-0.22,1.01,1.01,1.14,0.94,1.42,1.16
"Apoe",-0.6,-0.57,-0.67,-0.95,-0.8,-0.82,-1.27,-1.14,0.1,1.24,1.23,1.18,0.75,1.02,1.3
"Gas6",-0.52,-0.35,-0.56,-0.75,-0.59,-1.13,-0.94,-1.54,-0.13,0.78,0.78,0.74,1.12,1.49,1.6
"Calr",-0.51,-0.85,-1.11,-0.33,-1.06,-1.02,-1.14,-0.46,2.15,0.65,0.48,0.42,0.93,0.95,0.89
"Fn1",-0.75,-0.51,-0.17,-0.07,-1.58,-1.09,-0.71,-1.17,2.2,0.54,0.52,0.47,1.05,0.76,0.52
"F7",-1.38,-0.84,-0.43,-0.33,-0.95,-1.03,-0.78,-1.14,1.38,0.87,0.67,0.73,1.4,0.92,0.91
"Pf4",-1.82,-1.31,-0.69,0.46,-0.93,-0.72,0.17,-0.85,1.74,0.89,0.93,0.35,0.22,0.92,0.65
"Hsp90b1",-1.41,-0.73,-0.68,-0.29,-0.77,-0.81,-0.15,-0.27,2.86,0.2,0.22,0.36,-0.1,0.73,0.81
"Ptdss1",-1.37,-0.92,0.29,0.11,-1.16,-0.75,-0.57,-0.13,0.68,0.69,0.97,0.83,-1.52,1.51,1.33
"Adam9",-1.05,-0.22,0.01,-0.33,-1.44,-0.46,-0.94,-1.41,1.27,0.88,1.16,1.12,-0.67,1,1.08
"Rabep1",-1.24,-0.79,-0.06,-0.54,-0.62,-0.45,-1,-1.44,0.92,1.03,1.12,1.28,-0.56,1.28,1.08
"Gmfb",-1.7,-0.9,-0.59,-0.41,-1.26,-0.03,0.11,-0.63,1.54,0.99,1.28,1.45,-0.14,0.71,-0.43
"Copa",-2.03,-0.67,-0.62,-0.35,-0.13,0.48,0.02,-0.68,1.74,0.93,1.12,1.11,-1.3,0.01,0.38
