"","baseMean","lgFC_Treatment_48H_Wash_vs_Naive","lfcSE","stat","pvalue","padj"
"Ccl5",20156.032639082,5.23522809123895,0.233265653309341,22.4432016328454,1.49113995347684e-111,1.72450335619597e-107
"Irf7",1893.78636725301,4.10879332555308,0.295519513396739,13.9036278123434,6.02105206409258e-44,3.48167335606154e-40
"Ms4a6c",370.476339054826,3.51562441660881,0.402989400104576,8.72386324726285,2.68867783308018e-18,1.03648530465241e-14
"Ly6e",3299.60496159464,2.07521390658683,0.241979079036736,8.57600547472036,9.82248744226779e-18,2.83992668174567e-14
"Flna",1031.52417234651,-1.07064934636169,0.129862383603383,-8.24449172003184,1.65863742257923e-16,3.83642835842576e-13
"Aoah",324.65603919581,3.04719672946896,0.375194742604913,8.12164026689924,4.59924862176169e-16,8.86505171844565e-13
"Rtp4",965.567488131758,3.4427148466916,0.42608402195166,8.07989661504412,6.48217041958178e-16,1.07094715574947e-12
"Lox",150.899210932329,2.79290968173268,0.347031895195404,8.04799132414062,8.41639131370907e-16,1.21669456928807e-12
"Psat1",65.7395643242998,-2.14314121757496,0.267185510269123,-8.02117306217795,1.04740035309462e-15,1.34590945372659e-12
"H2-T22",861.703194609535,1.31449641219548,0.167851423705615,7.83130928040799,4.82815330977812e-15,5.23708610803173e-12
"Oasl2",609.365427293279,2.50653676031634,0.32057779810847,7.8188095841504,5.33252017333698e-15,5.23708610803173e-12
"Ppp1r1a",18.6611064408712,-4.59190054828007,0.587467436324238,-7.81643417890772,5.43407118861917e-15,5.23708610803173e-12
"Lgals3bp",2903.33574060748,1.74735181629863,0.226240646577063,7.72342124518919,1.13248131493405e-14,1.0074728005548e-11
"Phf11d",686.127718002644,2.3453573277469,0.306511389275376,7.65177872604199,1.98218111882479e-14,1.63742318851491e-11
"Actb",14928.818275217,-1.21915257925308,0.160318775115441,-7.60455273173841,2.85890885484273e-14,2.20421872708375e-11
"Vsig8",51.8316919390389,-3.0793577210335,0.407110968769522,-7.56392717774407,3.91078732606271e-14,2.8267659641197e-11
"H2-K1",9299.3821688633,1.2193710050264,0.168659288275949,7.22978863180869,4.83746343400108e-13,3.29089791848367e-10
"Ly6i",167.775552710563,4.33764294236054,0.60640349170509,7.15306392805213,8.48620583035067e-13,5.45238724600031e-10
"Il2rg",1026.86016102561,1.34070585215433,0.188882151829933,7.09810767806945,1.26476630691901e-12,7.68340754953752e-10
"Slpi",2158.58953744187,3.2088955547548,0.452512634755152,7.09128388534629,1.3287345524492e-12,7.68340754953752e-10
"Tnfrsf1b",3006.35530179089,1.12559309751285,0.159809700149588,7.0433340182683,1.87693556862293e-12,1.03365523100591e-09
"Nupr1",90.5926066163062,2.51551542784689,0.359604994851052,6.99521826410896,2.64846289496926e-12,1.39224879001452e-09
"Il18bp",230.221630721545,1.86793323744588,0.273925039679546,6.81914015466092,9.15870167288255e-12,4.60523412377768e-09
"Clec4a1",142.254275337149,2.99125697605451,0.440134251598527,6.796237659738,1.07386576771307e-11,5.17469066816735e-09
"Ifi211",582.626567223777,2.21502160885959,0.329106724615253,6.73040519439126,1.69191259816871e-11,7.82678767912844e-09
"Vmp1",697.707408243097,0.896628509199133,0.134856730741345,6.64874867031193,2.95595242725747e-11,1.31483037773972e-08
"Clmp",319.714143358762,1.5680359742612,0.237211693963723,6.61028108715838,3.83590971688696e-11,1.58436770984992e-08
"Osbpl3",219.886520341609,1.67994497128334,0.254009478644688,6.61370977274935,3.74806235449719e-11,1.58436770984992e-08
"Fyb",381.059656791305,1.81385287043599,0.274737081530973,6.60214070968611,4.05262571655611e-11,1.6161591866197e-08
"Vwf",90.9703691878031,-1.63487983396202,0.253552844316716,-6.44788599539384,1.13421027187899e-10,4.28646250481839e-08
"Xaf1",290.830670235194,1.69043527619012,0.26224873825062,6.44592339115334,1.14898692303822e-10,4.28646250481839e-08
"Lrrk2",159.332054207915,1.53801887935644,0.245646217233754,6.26111363193875,3.82237857615231e-10,1.38143150728755e-07
"Ms4a6d",722.704767551799,1.96679333238297,0.31696734680372,6.20503453184058,5.46848937520019e-10,1.91645695830879e-07
"Bst2",2161.31794326673,1.45100371321862,0.234688356501144,6.18268300503247,6.30211851290943e-10,2.09203674199651e-07
"Lmo4",738.681221439689,1.54645716664848,0.250156677665162,6.18195436988666,6.33128283353894e-10,2.09203674199651e-07
"Oas3",526.8113628688,2.17389587160107,0.354358570385983,6.13473485129249,8.53013439298235e-10,2.66624335823894e-07
"Slc6a12",894.551849346166,1.91622378487248,0.312352141918546,6.13481877570152,8.525632592002e-10,2.66624335823894e-07
"Ifi206",189.296996688638,2.73167645653115,0.451115721060125,6.0553785403703,1.40087842371391e-09,4.26346288690824e-07
"Helz2",706.852163768021,1.27822716369572,0.211346194385977,6.0480254560975,1.46631792372917e-09,4.28927507175707e-07
"Slco3a1",810.079568291455,1.68785437658119,0.279162127146943,6.04614384419256,1.48353655746029e-09,4.28927507175707e-07
"Usp18",988.875153870539,1.91231033803039,0.318150236524985,6.01071480856881,1.84707088205909e-09,5.2100914026862e-07
"Orm1",37.0819678285554,4.94425295454771,0.823854506541709,6.00136664336787,1.95663606756082e-09,5.38773717174783e-07
"Ifi27l2a",610.191587657706,2.21988792014283,0.378492593288261,5.86507625118084,4.48926345113289e-09,1.20740306540353e-06
"Acsl1",1474.04858455232,1.36827330593797,0.236205943641601,5.79271327741894,6.92582894406273e-09,1.82039117586558e-06
"Zfas1",240.309241978645,1.2994178117134,0.224483391863998,5.7884808355918,7.10258502713962e-09,1.82536435197488e-06
"Gm13835",47.4070185264577,-2.57183848748195,0.453465286098311,-5.67152231124561,1.41534164432207e-08,3.4826438545925e-06
"Lst1",275.284650338549,1.60683121011633,0.283280359786522,5.67222948787283,1.40950983608583e-08,3.4826438545925e-06
"Mmp2",66.1977519998451,2.79813440329967,0.494757482836012,5.65556762731594,1.55332052085052e-08,3.74253162992422e-06
"Oas2",120.694397111911,2.56166298916951,0.453924384331243,5.64336941921187,1.66754011117976e-08,3.93573497669263e-06
"Atp1b3",2496.31151836801,0.580843978370499,0.103116100032738,5.63291259256402,1.77191276378438e-08,4.09843422263327e-06
"Cxcl16",2139.48461525688,1.13455608776531,0.201740389499645,5.62384206047797,1.86756411478632e-08,4.23497627205956e-06
"Cflar",1343.86981031587,0.927054836949305,0.165322735397839,5.60754595983671,2.05215528621821e-08,4.56407228559878e-06
"Smpdl3b",123.440659645442,3.31615828673579,0.593736015215057,5.58524024441172,2.3337736739581e-08,5.09247029043875e-06
"Phf11b",577.662751974482,1.68762449674264,0.303218792688601,5.5656988862026,2.61103784830654e-08,5.59197272512318e-06
"Mefv",70.2491510367633,2.78946357303108,0.504050067824045,5.53410018388258,3.12830138405979e-08,6.577964637573e-06
"Cav1",998.003063632053,1.90907167515553,0.346981730677992,5.50193715221049,3.7564086806721e-08,7.7576547128523e-06
"Ly6a",155.33922108801,2.82946703535212,0.515977558699672,5.48370173788707,4.16516792860136e-08,8.4509065077675e-06
"Ifnar2",511.174295382708,0.964592851560304,0.176270510629343,5.47223042649844,4.44406463722004e-08,8.86131164300858e-06
"Ankrd66",46.9470327256822,1.83540980740133,0.336889854270294,5.44810057096209,5.09105704119828e-08,9.97933469177255e-06
"Pla2g7",7258.6987680071,0.577326952425746,0.107381848027183,5.37639240739832,7.59930751945358e-08,1.46476652437468e-05
"Cyb5a",1400.83354693199,0.894727268136846,0.16873759367369,5.30247734756192,1.14241646124889e-07,2.16590924169565e-05
"Milr1",552.160937836235,0.986638558782527,0.186732524082109,5.2836995784874,1.26600800443736e-07,2.36151331795452e-05
"Irak3",199.453077532932,2.11319790751444,0.401374338013218,5.26490536982175,1.40261585800926e-07,2.57480196791701e-05
"Chn2",8.72958440164834,-3.09630228714951,0.589621360239981,-5.25134009034083,1.50996589121223e-07,2.7285555518546e-05
"Cdt1",89.4496480793763,-1.16550242689159,0.222212898302444,-5.244980988031,1.5629844341804e-07,2.73877499716611e-05
"Slamf7",1443.01687273641,1.00669244582036,0.191923351256985,5.24528380328457,1.56041941721706e-07,2.73877499716611e-05
"Aga",328.815760787257,1.0058606045332,0.19194929561154,5.2402411862392,1.60366859726303e-07,2.76812348169357e-05
"Cenpa",96.052503382372,-1.3508112872219,0.258188088129673,-5.23188849263823,1.67786959977941e-07,2.82727022554311e-05
"St3gal1",928.217919095029,1.31771898284438,0.251910357720244,5.23090433743799,1.68682789072611e-07,2.82727022554311e-05
"Fcgr4",167.191933769977,1.20917785744465,0.231300519948623,5.22773514609145,1.71599084756641e-07,2.83506202172937e-05
"Tpi1",741.873105534543,1.10710340376151,0.212250286742106,5.21602783560284,1.82800717361521e-07,2.97759196659999e-05
"Tkt",1237.73221217264,-0.810133709687825,0.155839747624865,-5.19850501579332,2.00897705082425e-07,3.22691938788645e-05
"Ddit3",154.786759572693,1.51938570581698,0.292894275037122,5.18748857629398,2.13148995920008e-07,3.37680566823959e-05
"Fcgr1",82.4847414648072,2.52197486127484,0.487163250216515,5.17685777848384,2.25654098559494e-07,3.4795861997874e-05
"Ighm",431.600665866382,-1.47685746948322,0.28514895680548,-5.17924907048033,2.22780857946674e-07,3.4795861997874e-05
"Ell2",455.656043590609,1.46032487652347,0.283682343163542,5.14774680806127,2.6363400722297e-07,4.01174643886006e-05
"Npc2",6462.48915351943,0.814360117031496,0.158676459020999,5.13220500416968,2.86367340707222e-07,4.30108869516755e-05
"Treml1",13.2446681615943,-2.18036799480564,0.425910136524146,-5.11931463430204,3.06648002767297e-07,4.54664634872281e-05
"Csrp1",253.400341761334,-1.2313918174404,0.241017946816156,-5.10912914870891,3.2364707704597e-07,4.73794740004639e-05
"Pilrb1",99.4913276370632,2.39196581663826,0.469297607670258,5.09690605181804,3.45249556936606e-07,4.99101390746481e-05
"Slfn1",251.726008161778,2.29987579909241,0.451909274397665,5.08924230899629,3.59497013672928e-07,5.1328184729968e-05
"Srsf5",622.637291234863,-0.606729154386345,0.119393233277559,-5.08177170288917,3.73930665328876e-07,5.27379042015664e-05
"Zbp1",652.467815696915,1.56615467436558,0.308618314409835,5.07473018041882,3.88046236276075e-07,5.40693340064194e-05
"Egln1",146.710936243559,0.911994897027972,0.179860935626796,5.07055572601002,3.96655747655133e-07,5.46109966860907e-05
"H2-M3",213.78906475171,1.62212026601161,0.320139692845725,5.06691391995965,4.04317005837873e-07,5.50108961472353e-05
"Alox5ap",942.063135618816,0.627375594571261,0.124088270000345,5.05588154762344,4.28407189200621e-07,5.76108039895951e-05
"Clec4d",4524.7379483217,1.23727223584838,0.244923112726383,5.05167610388248,4.37949893305572e-07,5.82171323687234e-05
"Tnip1",887.458705200337,0.78014970547456,0.154529835642825,5.04853772884201,4.45204556714808e-07,5.85089852091677e-05
"P4ha1",374.550484531355,1.34274106705454,0.26653975778084,5.03767647361109,4.71217040545238e-07,6.12317424034345e-05
"Rigi",624.429850505362,1.62180537876882,0.322456093821436,5.02953862508462,4.91661455035155e-07,6.31784969720174e-05
"Sod2",4766.59046882623,1.85039466390177,0.369081346742006,5.01351444670876,5.344475268868e-07,6.79218203125916e-05
"Mir6236",47.9609399676996,-2.74234815083705,0.54888247708804,-4.99623920476729,5.84591412150205e-07,7.34869530599687e-05
"Rnf213",1625.32460599292,1.39560812855491,0.280868139672578,4.96890864938201,6.73307785440312e-07,8.37290810604001e-05
"Rnf149",5688.82172386237,0.678990579974248,0.138090304625122,4.91700399834386,8.78787574213622e-07,0.000108118918040218
"Rbpj",479.398557762632,1.01479541065565,0.206929600135895,4.90406113958183,9.38752490409574e-07,0.000114280763700913
"Sowahc",142.458980678001,1.00966289117077,0.206179382810211,4.8970119000704,9.73049477378272e-07,0.000117222054227914
"Dpys",30.0303861235097,2.32425682196745,0.47721076471968,4.87050375599291,1.11314085168086e-06,0.000132716226285456
"Abcg1",76.6348350393155,-1.2947213927544,0.266337948023311,-4.86119759637512,1.16677715482636e-06,0.000136300785813806
"Nrgn",25.1237676815258,-3.29458205065313,0.677645219387942,-4.86180962602945,1.16317462497604e-06,0.000136300785813806
"Gm15725",50.2162582928095,-3.00491052092721,0.620331127086898,-4.84404278572704,1.27223517358888e-06,0.000147133997825554
"Snx20",576.733881735942,0.739202502105783,0.153386256467546,4.81922252442602,1.44118738932012e-06,0.00016502309066819
"Rassf8",387.450512991025,-0.87537205037689,0.181904569480374,-4.81225981775754,1.49233167683499e-06,0.000169204076888203
"Hba-a1",100.135508431941,-4.61928589676633,0.962138114965421,-4.80106319967622,1.57825445876287e-06,0.000177208862287306
"Adgre1",2463.48799850489,1.61188018468854,0.336839359725858,4.78530830245133,1.70725065166322e-06,0.00018984955563928
"Slc16a3",527.211333961383,1.39845024320034,0.292478210294104,4.78138266024712,1.74093610911825e-06,0.000191751677161453
"Cln5",413.565137005559,0.982322970952045,0.205868005747048,4.77161551833865,1.82754115027577e-06,0.000199391635876786
"Ifi27",739.677354907012,0.910091565587717,0.191002311084192,4.76481965281854,1.89022638791725e-06,0.000204303440899654
"Pdgfa",230.638431147493,-1.11538714905474,0.234760376656719,-4.75117294042225,2.02240066989464e-06,0.000216565405067884
"Pilrb2",100.968420532313,2.00326774320604,0.422246017591085,4.74431411960897,2.09213987539546e-06,0.000219959978717713
"Pttg1",305.121101619933,1.06274008923036,0.223949418654326,4.74544696573085,2.0804641978974e-06,0.000219959978717713
"5830432E09Rik",36.9214122984018,1.85836181473034,0.393301349458005,4.72503289727147,2.30078106991559e-06,0.000239716514176341
"Ankrd37",61.2383560208905,2.44619876267062,0.518163983603698,4.72089693625159,2.34806901024359e-06,0.000242459090209528
"Nrp1",258.842589944228,-1.86773695379831,0.395968862557059,-4.71687834678962,2.39490791661421e-06,0.000245107168634011
"Ms4a6b",36.7950178345082,2.13848838661037,0.457039242044559,4.67900387950031,2.88271989039395e-06,0.000289901352455705
"Plpp3",893.177600362121,1.23348732691864,0.263573461144871,4.67986162780122,2.87068596448649e-06,0.000289901352455705
"Siglece",17.3329461444497,3.8554452890986,0.826866080270021,4.6627203377838,3.1205668992186e-06,0.000311115139564337
"Rpl10a",717.388063771279,-1.31821299870098,0.282938687769275,-4.65900584007774,3.17740189246913e-06,0.000311945421360175
"S1pr1",32.8597687795451,1.58557836835069,0.340351198769302,4.6586536909054,3.18284130743628e-06,0.000311945421360175
"Slc40a1",30.1135608632149,-1.81513756525239,0.391727685781481,-4.63367188773308,3.59236215851448e-06,0.00034912326355647
"Pilra",757.513864697853,1.45864098159822,0.314977658065692,4.63093474805759,3.64018589226392e-06,0.000350822915366935
"Hba-a2",62.9372574176811,-4.91702435147225,1.06244499254945,-4.62802722583623,3.6916549366026e-06,0.000352842887122389
"Vasn",42.4548920916559,-1.7441978527956,0.377964109405182,-4.61471819517603,3.93629044466293e-06,0.00037314097534858
"Wnt6",36.3741317313364,2.83760443472205,0.617361977316726,4.59633819214991,4.29980596150507e-06,0.000404286633697611
"Marcksl1",796.698899175575,2.144738825719,0.468536801342389,4.57752479543589,4.70510034165202e-06,0.000438826495574239
"Sp100",545.808326107968,1.05739817501015,0.232443083421355,4.54906276171436,5.38853715258695e-06,0.000498547457357344
"Cybb",6768.76668740388,0.858085674627343,0.188776413528143,4.54551317397191,5.48015692206704e-06,0.000499039486643349
"H2-D1",12045.0919976399,0.849442253898208,0.186843302932012,4.54628151273531,5.46019944594752e-06,0.000499039486643349
"Acod1",5864.73490261887,1.71718176116589,0.378130039361466,4.54124661469801,5.59225692802172e-06,0.000505269151348213
"Cd33",178.229016747758,1.42684741002588,0.314827074886854,4.53216233241274,5.83829554285486e-06,0.000519383753485511
"Phgdh",22.423017630229,-2.4709897766032,0.545110802631743,-4.53300460140121,5.81505478622271e-06,0.000519383753485511
"Pid1",576.997931481264,1.57352009056348,0.347535633455632,4.5276510926882,5.964295346011e-06,0.000526542562416925
"Etfb",151.291438610482,-1.19942150153183,0.265336569695482,-4.5203776581131,6.17294106555453e-06,0.000540833813811652
"C1ra",51.478668201365,1.71723513859897,0.380180434567038,4.51689509102333,6.2752975193899e-06,0.000545667788058227
"C130050O18Rik",20.5124270803141,2.52176758575639,0.560513717848729,4.49902920384361,6.82644803935002e-06,0.000589163220709575
"Penk",121.309803231052,2.11405588207858,0.470074720103253,4.49727626623746,6.88295284366378e-06,0.00058963962694053
"Aldoc",157.213744134842,0.947112083143602,0.211422922659975,4.47970386194506,7.47466703825071e-06,0.00063562150218654
"Nes",29.8443135631856,-2.72176895847966,0.608005637792721,-4.47655217205001,7.58581370003615e-06,0.000640364492269475
"Vnn3",35.7877054913211,3.61540820154206,0.808454978168399,4.47199695613598,7.74925307766527e-06,0.000649421100313035
"Slc7a1",48.9772606131315,-1.54978472939224,0.347265992891484,-4.46281743999196,8.08889664056705e-06,0.000673007839195381
"Adam17",919.511201264059,0.636143564117772,0.142670769989601,4.458821972883,8.24113326424592e-06,0.000675948270929107
"Ckap4",285.864044423234,-0.683177118977691,0.153178829226929,-4.45999700105806,8.19607997783599e-06,0.000675948270929107
"Ctla2a",6.97050228806285,-3.69776984247737,0.830554439408174,-4.45217034191315,8.50066864536017e-06,0.000692325583687256
"Dok2",172.453368075713,-0.822678928210816,0.185025562964668,-4.44629874396282,8.73624357039022e-06,0.000706536062178761
"Morrbid",231.662057924198,1.48907894178556,0.335510753402149,4.43824505380525,9.06953271435983e-06,0.00072011683434728
"Rpl12",2582.37845320818,-0.669090302530983,0.150772867964118,-4.43773678623808,9.09096911497648e-06,0.00072011683434728
"Tmbim4",673.015995981598,0.719257523426079,0.16204224007032,4.43870390284625,9.05022204977864e-06,0.00072011683434728
"Lpcat2",405.203153171932,0.857084048934151,0.193271000754923,4.43462312290179,9.22334962282831e-06,0.000725632914204145
"Slc26a11",61.8690846453949,-1.00643552279185,0.227083297420655,-4.43201034256386,9.33585385080399e-06,0.000729521282328028
"Isg20",440.313726373417,1.66037169223514,0.376470253800889,4.41036622541045,1.03195941787479e-05,0.000800980581726301
"Ndufs8",162.09778726063,-0.958299024140379,0.217644293791115,-4.40305145358007,1.06738837981383e-05,0.000822956440836464
"Trib1",42.071984457636,1.23858590069523,0.281414143293687,4.40129229540047,1.07608046848222e-05,0.000824163617085883
"Blvrb",1824.51968586769,-0.873516349731075,0.198961318740375,-4.39038279028965,1.13151294069161e-05,0.000860917576256481
"C3",773.869143463069,1.80546279638285,0.411970843190391,4.38250139840225,1.17324412700926e-05,0.000886834531298179
"Ccl9",272.076367277557,-1.24577456824223,0.284857210189715,-4.37332994805553,1.22365568102329e-05,0.000917194461754341
"Rpsa-ps12",11.401549909314,-2.82759340428335,0.646701612771832,-4.37233083765476,1.22927057130932e-05,0.000917194461754341
"Pkdcc",117.379009766299,-0.949378099369964,0.217831947256148,-4.35830515830442,1.31073540040393e-05,0.000971708647799454
"Pde4b",217.014175618427,2.16820089359866,0.500206603217315,4.33461069816522,1.46018296797692e-05,0.00107560611621994
"Filip1l",145.713827817127,1.6956807444341,0.391616057146632,4.32995714422197,1.49138363192089e-05,0.00109163618374463
"Stat2",617.281659591234,1.20606111691344,0.27869997401748,4.32745328077352,1.50843327476294e-05,0.00109717174985116
"Gcnt2",69.9031847894698,1.59018681288544,0.368066609117871,4.32037781611477,1.55762282992375e-05,0.00112586925175426
"Slc39a4",171.343546155914,1.81963583543254,0.422872429493114,4.30303729570094,1.68472477127564e-05,0.00121017652048465
"Pparg",19.3283632047539,-1.72811429593569,0.401933882243605,-4.29949892825485,1.71184703699394e-05,0.00122206857918734
"Cfb",40.6006101629379,4.27690844385393,0.99546174208205,4.29640664533083,1.73589022283752e-05,0.00123163008755313
"Rnf114",1097.71818452689,0.625449726839088,0.145743224157477,4.29144977720049,1.77510353710534e-05,0.00124418620646202
"Spaca6",52.9977052335577,1.61272349765932,0.375706096226856,4.29251352015737,1.76661789579703e-05,0.00124418620646202
"F3",21.1080449231471,-1.87011741224343,0.4372441439687,-4.27705536606867,1.89381714096661e-05,0.00131939730333005
"Gm21188",161.704015406246,1.80335317722449,0.422182512237697,4.27150136481533,1.94161338933184e-05,0.00133659278854897
"Ryr1",30.8719254730224,-1.74410849365333,0.408227131963005,-4.27239729330726,1.93382632080356e-05,0.00133659278854897
"Tmem38b",116.132126635907,1.0333627902234,0.243046362256069,4.25171058159953,2.12143903735977e-05,0.00145174215781454
"Mcm6",112.25737082183,-0.908421313999219,0.214134431901746,-4.24229445928641,2.21246139882649e-05,0.00150512447514284
"Cotl1",2967.05398841386,-0.791004522727557,0.186625886819902,-4.23845017540837,2.25068117993796e-05,0.00152217121906331
"Gm13586",6.46429155542278,-6.53055592808979,1.54403647472998,-4.22953475191176,2.34175103346714e-05,0.00157455527337485
"Fcgr2b",1112.98189219709,1.02632425654549,0.243406204346809,4.21650819994368,2.48114269398824e-05,0.00165863671999849
"Traf1",328.147706746673,2.3919108525831,0.567450362598056,4.21518957470007,2.49568459371722e-05,0.00165876967392757
"Gm17949",16.3924190052025,-4.19158827436558,0.994767846725894,-4.21363465673068,2.51293652079262e-05,0.00166069204931238
"Cst7",218.258674549615,1.47258542580603,0.350352255567466,4.20315668703456,2.63218250055439e-05,0.00172961310334725
"Itga2b",20.2717398266134,-2.37549262752065,0.566063230725413,-4.1965146269551,2.7105396404379e-05,0.00177103903625222
"Dhx58",366.562328201272,1.45048665717899,0.345852927300733,4.19394066865231,2.74149716520014e-05,0.00178120307390672
"Htt",56.0195684517398,-1.16067189595728,0.276863272199166,-4.19222053809408,2.76237261624268e-05,0.00178473962608081
"Slc25a13",38.5423054130884,-1.37054988181983,0.327902718009449,-4.17974541394418,2.91835625238767e-05,0.00187504389215908
"Ms4a7",794.481554132267,1.98398243200441,0.474943686422878,4.17730035943233,2.94989380155792e-05,0.00188483545939323
"Pnp2",75.2017879733306,2.63999345360078,0.632254521909854,4.17552324596452,2.97301890840538e-05,0.00188917382833562
"Glrx",560.097212635501,1.43240000137478,0.343320206573485,4.17219835578825,3.01674833826221e-05,0.00190308984484032
"Pdgfb",110.260597033815,-1.22889302080518,0.294602268482537,-4.17136306225701,3.02782993039878e-05,0.00190308984484032
"Nod1",110.193156184242,1.67813925355642,0.403672685471769,4.15717811472727,3.22202782439615e-05,0.00201420279941305
"mt-Nd2",59.067391739139,-3.95984851026124,0.952835229206595,-4.15585862999473,3.2406817033161e-05,0.00201497225262638
"Zc3h12a",477.999817826266,1.58714722281829,0.382515602886881,4.14923524907205,3.33587854008388e-05,0.00206307140727647
"Cmklr1",160.559015340849,1.02186974207831,0.246679579216619,4.14249831835886,3.43542888235931e-05,0.00211333696938753
"Vat1",794.73587323846,-0.786449624598429,0.189939575091825,-4.14052534453772,3.46511319063981e-05,0.0021203192618915
"Mthfr",330.500749619446,1.0618936624601,0.256652337939449,4.13747901533096,3.51142551701737e-05,0.00213734926864768
"Gpr132",120.581277072719,1.11743202145617,0.270435203368967,4.13197693028006,3.59656525060135e-05,0.00217771084414684
"Trim25",311.656030237789,0.666555386730095,0.161366303985129,4.13069748930683,3.6166424513595e-05,0.00217846197656108
"Gm40932",32.4509466157701,1.89655614728372,0.460166010510416,4.12146074235266,3.76477632319406e-05,0.0022559398019554
"Crip1",1441.19589970667,-1.50024383398363,0.36513285506296,-4.10876154578021,3.97786535010299e-05,0.00237134086463614
"Lgals9",987.662499953343,0.816195141754974,0.199262432516806,4.09608139098741,4.20202249927757e-05,0.00249212257457154
"Marco",19.9519494622309,2.93721843246577,0.717437314745415,4.09404190735194,4.23917639186934e-05,0.0025013303557127
"Srgn",5771.02917225457,1.04644173579518,0.255761158918514,4.09148027096866,4.28628416484979e-05,0.00251628814043085
"Cd1d1",96.3329477636559,1.65775021793744,0.405627319746118,4.08688009223595,4.37212938021131e-05,0.0025537210243507
"Gm5150",28.9754409924236,1.62103564273105,0.397471554610675,4.07836893968139,4.53527567328482e-05,0.00263570166640899
"Ctsb",1133.04646205147,-1.17560353287291,0.288981263311912,-4.06809603985994,4.73988461443792e-05,0.00273604518588574
"Parp14",1744.58581226101,1.16439069117108,0.286278075876441,4.06734147421625,4.75525363046289e-05,0.00273604518588574
"Ucp2",170.042082566372,-2.03396023325404,0.500821102733687,-4.06125105781655,4.88104471624426e-05,0.00279451891798836
"Rab32",557.606058449669,1.00345087161079,0.248330423747644,4.04078910858909,5.3271647764237e-05,0.0030349093911005
"Alox12",7.93980150464499,-3.53864912138337,0.876355971412675,-4.03791294498639,5.39288576639271e-05,0.00305589909139038
"Ifi203",223.865529374903,1.94221952502075,0.48134694893878,4.03496797746977,5.46097449092122e-05,0.00305589909139038
"Lcn2",941.395517562918,4.36452043567835,1.08131990979342,4.03628971976679,5.4303151949297e-05,0.00305589909139038
"Nbdy",117.850298196842,0.962337090640368,0.238521480093136,4.03459298619396,5.46970265385048e-05,0.00305589909139038
"Bcl6",208.120040634665,1.00675544335266,0.249752435737316,4.03101351296344,5.55368502279045e-05,0.00307265328468229
"Nfkbie",416.070729469662,1.13503136677835,0.281547207451258,4.03140694256345,5.54439488740343e-05,0.00307265328468229
"Oasl1",1352.79591710149,1.36626526503397,0.339029704458793,4.02992790031479,5.57939636647886e-05,0.00307265328468229
"Ggh",391.64893488984,0.655926600382405,0.162849329813388,4.02781270966262,5.62981616551205e-05,0.00308572625375103
"Ppfibp2",885.399651944766,0.779690998905867,0.194648874684593,4.00562808374448,6.1852905983714e-05,0.00335137271560676
"Rbm8a2",7.03497970476433,-5.79563257746966,1.44753907684256,-4.00378315873266,6.23375072465329e-05,0.00335137271560676
"Stat1",1927.67925123101,1.09630004081749,0.27358862104301,4.0071112484066,6.1465915646475e-05,0.00335137271560676
"Themis2",517.130802946896,1.07391823837777,0.268252708214204,4.00338265185464,6.24431810397839e-05,0.00335137271560676
"Tmem202",28.8792270377211,-1.33137377346285,0.332609521806987,-4.00281316731347,6.25937316533559e-05,0.00335137271560676
"Procr",2773.550792884,1.72736048390174,0.432100884922736,3.99758608272836,6.39917225981261e-05,0.00341043443247617
"Adgrg6",34.7676540950771,-1.72956190749207,0.432833748147565,-3.99590354239758,6.44479727219133e-05,0.00341899451618774
"Stxbp1",219.303195705957,0.787146018727654,0.197393244825551,3.98770494615104,6.67155639631191e-05,0.00352313012435375
"mt-Nd4",729.678999054084,-1.54408658428428,0.387374183728686,-3.9860337863035,6.71869489640055e-05,0.00353189574894874
"Fpr2",118.466838721566,3.69734128429157,0.930813024195614,3.97216324673446,7.12228818103534e-05,0.00371032715376909
"Uchl1",508.937775037424,-0.869306211216724,0.218848766612154,-3.97217779507672,7.12185309584915e-05,0.00371032715376909
"Wdr81",154.11290480312,-0.824751954733289,0.207794464985807,-3.96907566710028,7.21519695027426e-05,0.00374187231972744
"Mif",614.940909732172,1.13078986812687,0.285275371113721,3.96385381504277,7.37494241758699e-05,0.00380764326158007
"Pik3cg",181.267839397519,0.821918009188877,0.20761087582224,3.95893522405164,7.52846501315668e-05,0.00386963101676253
"Slco4a1",488.186485614834,1.63703733513158,0.414069013745424,3.95353740750583,7.70042185659293e-05,0.00394050348546448
"Tpm2",13.8669151394509,-2.78259550195434,0.704208897990676,-3.95137793614075,7.7702501713467e-05,0.00395871996615087
"Snhg6",445.618607833123,1.71070584575202,0.433382838317356,3.94733176882126,7.90270110789071e-05,0.00400854115406825
"Mcl1",1480.26665534957,0.692619374974648,0.175655877409663,3.94304696881464,8.04528913655465e-05,0.00406304667529496
"Znrf1",442.129397745812,0.604045205570671,0.153294743782234,3.94041694233665,8.13401104122225e-05,0.00408999294311893
"Slc35f6",171.450305756653,-0.953081710579181,0.242373367037232,-3.93228728976965,8.41414228609891e-05,0.00421253487180666
"Slc6a13",58.6997390453511,1.91765505627295,0.487874842863013,3.93062910360269,8.47238845537875e-05,0.00422341260717479
"Adar",310.853829858453,0.916945309749965,0.233707244178761,3.92347833706258,8.72796167351813e-05,0.00433214063322906
"Slc31a2",713.214874376846,0.977327111966566,0.249933196777503,3.91035334468437,9.21612031079351e-05,0.00455489023052679
"Shb",59.7291549112215,0.986544487514708,0.252535854127575,3.90655216433676,9.36224391624417e-05,0.00460741918686655
"Aldh16a1",108.528440499084,-0.827015688258676,0.212226181021418,-3.89685987034376,9.74479645397027e-05,0.00475521396582979
"Ebi3",218.479143230691,1.45565338278023,0.373538583376213,3.89692911940546,9.74201160099701e-05,0.00475521396582979
"Tmsb10",649.687461215396,-1.63038944488504,0.419819751293546,-3.88354630734141,0.000102943915108713,0.00500229570685826
"Gm49249",24.1447909181291,2.12482457816721,0.549010355731844,3.87028141816152,0.000108709789830909,0.00526037121085551
"Lpin1",88.1609828593387,-1.19658038995766,0.310431832006362,-3.85456730459633,0.000115934487677187,0.00556341224060858
"Serpina3f",57.1919142402953,-3.37239425632963,0.87476543161092,-3.85519835885515,0.000115635830849542,0.00556341224060858
"Zfp36l1",90.372310991401,1.22912904303407,0.319436475719852,3.84780429430991,0.000119181198257204,0.00569558081753952
"Mmp19",412.526268818793,-1.55732208465195,0.404871938861466,-3.84645596588212,0.000119838656172835,0.00570343234007752
"Pdlim4",61.1642033249037,-1.52962625112141,0.397872475800982,-3.84451386852539,0.000120791654119199,0.00572522737659236
"Ankmy1",12.961683175575,-3.73495095366553,0.972205437386936,-3.84173016322992,0.000122170101580889,0.0057669274480938
"Klk1b1",149.82205414828,-1.96917227739934,0.513716674130891,-3.83318739017143,0.000126493520050562,0.00594673804627945
"Gm26532",37.17257807202,-1.13813096931878,0.297156122541344,-3.8300774676464,0.000128102923720271,0.0059608427830193
"Jup",76.1529053619794,-1.40717490694025,0.367287096108609,-3.83126693491062,0.000127485101476679,0.0059608427830193
"Pkig",158.514230147751,1.01615297500419,0.265340221975698,3.82962284209311,0.000128339805704436,0.0059608427830193
"Cox6a2",17.0587625362925,-2.18556936136757,0.570973740489545,-3.82779313019491,0.000129297355007196,0.0059812956426329
"Mitd1",167.524210762403,1.04242702466842,0.272747468106193,3.82194940949023,0.000132400856242936,0.0060895544140427
"Scp2-ps2",9.91405038982983,-2.87310206318739,0.751843387892242,-3.82141029562287,0.000132690679839063,0.0060895544140427
"Rpl3",1333.49956529366,-0.760105598644506,0.199300510930384,-3.81386678386395,0.000136809232992028,0.00625375011680951
"Parp9",446.774613716192,1.13122450485825,0.297458816756252,3.80296175851871,0.000142976433019001,0.0065099308971053
"Pou2f2",106.882203234367,2.14967053321781,0.56550292771452,3.80134288942712,0.000143913980442117,0.00651073238854812
"Sap18b",35.4369981641921,-2.42086498806426,0.637065959063833,-3.80002251512812,0.000144682941967736,0.00651073238854812
"Tap1",1186.49316404404,0.920468614345216,0.242207009836311,3.80033845827703,0.000144498591178588,0.00651073238854812
"Acp3",454.762400120692,1.59011143192122,0.419749895512401,3.78823544429981,0.000151721035658841,0.00678185597932709
"Gypc",110.455814670298,0.898697542600685,0.237250187325175,3.78797400639743,0.000151880734859119,0.00678185597932709
"Thap3",39.5273020793648,1.21255851632568,0.320320683498375,3.78545182622222,0.000153429555528876,0.00682466465265943
"Nadk",656.614858188489,0.672920991313992,0.177946433210169,3.78159302872466,0.000155827967437483,0.00690479097093674
"Asph",42.3192469791298,-0.992277161028967,0.26272226495417,-3.77690547545356,0.000158788959558786,0.00698248789846905
"Mir703",716.93687883883,-1.28947859578798,0.341409345570932,-3.77692823150933,0.00015877445816504,0.00698248789846905
"Nfkbiz",232.02661689224,2.06987162964321,0.548380691612205,3.77451588158204,0.000160318695204008,0.0070230519319483
"Ets2",423.910637792009,1.15204793015453,0.305650781438265,3.76916402678075,0.000163795224906066,0.00714827085297606
"N4bp1",303.67927726302,1.14318821772722,0.304005536789639,3.7604190693351,0.000169628948226085,0.00737503303095742
"Dnmt3l",47.7707960184808,2.64622876166344,0.70417234022093,3.7579277266602,0.000171326346745404,0.00739324328399475
"Ncf1",1638.38780249839,0.447792713930094,0.1191433041526,3.75843793417511,0.000170977437268452,0.00739324328399475
"Etv5",18.5300185705456,-1.83309627579742,0.488599961730713,-3.75173233600806,0.000175616902045333,0.00752225730427508
"Rpl10a-ps1",75.3712748758765,-2.16944159505185,0.578121268775468,-3.75257184300967,0.000175029648608648,0.00752225730427508
"Gm36161",176.306783218523,1.66599956499566,0.444518020316151,3.74787857601535,0.000178336545592454,0.00761056143829053
"Sms-ps",10.1056635420804,-2.97930800017633,0.79855451102944,-3.73087617567348,0.000190814996767868,0.00811314499125146
"Cd14",2809.33308008088,2.29262473202515,0.614699482629444,3.72966758035682,0.000191732553709135,0.00812229664339246
"Naip2",254.803602237059,0.812546733719062,0.217956379680865,3.72802454742918,0.000192986584221252,0.00814558338145539
"Nectin2",104.57706865334,0.918658698933571,0.246915916897321,3.72053252166645,0.000198803137978538,0.00836057560262471
"Fxyd5",2558.31930724013,0.649182361681972,0.174758610813078,3.71473748081197,0.000203414758837544,0.00852352060129058
"Ifi204",1209.62456519447,1.49182441961527,0.401712193726414,3.71366476525548,0.000204279359868235,0.00852884764215213
"B430306N03Rik",61.076796583295,-1.14858616177481,0.309430906594738,-3.71193095872326,0.000205684097919061,0.00854785032409579
"Car13",123.01698698961,1.77844367426134,0.479316325701177,3.71037575584289,0.00020695184528723,0.00854785032409579
"Vegfa",486.833351103989,1.60875753511687,0.433493435041222,3.71114624830221,0.000206322852051312,0.00854785032409579
"Snca",11.4979963141218,-3.46417007521795,0.933884315962166,-3.70942098074415,0.000207733776891106,0.0085496125613724
"Cd74",3347.43186324636,-1.44106012628023,0.389378511986729,-3.70092360497116,0.000214816147922589,0.00880974734299552
"Phf11a",161.614260400046,1.47700509518785,0.399338095420817,3.69863309342276,0.000216763678032882,0.00883419938085572
"Renbp",458.868541620421,-0.65187324891364,0.176256915042525,-3.69842651992613,0.00021694013179101,0.00883419938085572
"Aph1c",23.0634830686243,-1.60019765459398,0.43302184268789,-3.69542017710031,0.000219523442782669,0.00890803023081251
"Gsap",167.792063320867,0.972582616650584,0.263433565631954,3.6919464469816,0.000222544331475071,0.00899903913814403
"Gas2l3",153.604916371593,-0.85519619033153,0.23191207031159,-3.68758809829309,0.000226389724794673,0.00912263821341599
"Trbc2",67.8890127561069,-2.33572464395661,0.634048073599647,-3.68382894170173,0.000229756456018251,0.0092261576869829
"Rnf130",1080.69030087658,0.64774511002106,0.17644370570955,3.67111486021121,0.000241494775305679,0.00966396912252657
"Tob2",191.2466603284,-0.556212408392212,0.151644921524298,-3.6678604387229,0.000244588618753166,0.00975402543407024
"Sh3bp5",227.063891610499,1.00843668622508,0.275078749967022,3.6659926888063,0.000246380964036926,0.00979173831301392
"Rab7b",698.725212313582,-0.940144194326515,0.256841820985953,-3.66040152930519,0.000251820317812209,0.0099736369023911
"Zyx",2317.7663688697,-0.986396732449928,0.269658320189727,-3.65795029708675,0.000254240332696545,0.010035117568722
"Ampd3",542.712683349315,1.2549204244393,0.343488068387963,3.65346147343287,0.000258728624667602,0.0101775392662613
"Hbb-bt",236.197162356893,-3.59103467407899,0.983607054137836,-3.65088340813767,0.00026133986362933,0.0101851306131211
"Lgals1",2377.17962228147,-1.26358676644151,0.346125229194091,-3.65066357452073,0.00026156366555097,0.0101851306131211
"Zc3h12c",85.9874609553216,1.41663690833876,0.38802872691308,3.6508557487706,0.000261368012409793,0.0101851306131211
"Igkc",145.100158746618,-1.38098589918918,0.37866683231527,-3.64696820882215,0.000265352739875873,0.010298001465317
"Fibp",181.964341464792,-0.580273839809059,0.159198672785889,-3.64496656696056,0.000267426564726778,0.0103437733145993
"Txnip",610.721641099765,-0.590118729589275,0.162083751061948,-3.64082596634706,0.000271764796936615,0.0104765329219065
"Dusp3",590.223222333954,-0.794238953638552,0.218279723895105,-3.63862909236694,0.000274093225437897,0.0105012517595133
"Tlr2",1046.84579502596,1.23548975689679,0.339559439745868,3.63850805567783,0.000274222051999396,0.0105012517595133
"Eef1a2",56.0279283848742,-2.28379055411756,0.628362832908132,-3.63450929067197,0.000278510221579673,0.0106302663781152
"Gm3379",6.08870646066974,-3.32896203265567,0.916771046542054,-3.63118146587645,0.00028212671779017,0.0107328799054056
"Ggta1",446.86150316906,1.07186287428056,0.295701601396446,3.62481254487195,0.000289171120889339,0.0109648000429023
"Acss2",86.7582209448438,-0.707638840688431,0.1953850322151,-3.62176586745596,0.00029259888404183,0.0110585166468751
"Cnn2",178.504195192865,-0.711001709930016,0.196608073112574,-3.61634036015861,0.000298797446786385,0.0112489285013934
"Eif5a",1405.94873256275,-0.587999665899891,0.162625778929425,-3.61566087351419,0.000299582358705504,0.0112489285013934
"Mcf2l",27.3143291603936,-1.34062173019525,0.371232846900519,-3.61126915731813,0.000304702228411716,0.0113673589405855
"Ncf4",897.389131201714,0.606286071894741,0.167869795896124,3.61164477896849,0.00030426114426396,0.0113673589405855
"Susd2",5.93404066124038,4.92610903168699,1.36488480403375,3.60917567338173,0.000307171548421478,0.0114226333038405
"Sema4a",373.449483660616,1.0124389625732,0.280698392670857,3.60685700028348,0.000309928348889787,0.0114882094708666
"Mgll",521.809471376513,-1.28772729626579,0.357199394540379,-3.60506573064816,0.000312073932314646,0.0115307828345651
"Tmem134",410.793871237325,0.583835688992227,0.162021560764332,3.60344441960687,0.000314027921507921,0.0115660283829271
"Cd5l",8.37012476169447,-2.63629560083182,0.732296736921811,-3.60003734539828,0.000318171479944624,0.0116444720429101
"Mpdu1",318.986516920737,-0.672594892047646,0.186817076121569,-3.60028593751228,0.00031786742893208,0.0116444720429101
"Flrt3",153.313912354521,1.97037334231188,0.548259317952213,3.59387114417199,0.000325801007189704,0.0118546027905894
"Rhoq",198.679320074226,0.875765826779513,0.243747394922556,3.59292384256153,0.000326988179005448,0.0118546027905894
"Siglec1",10.6321971068934,3.07746924403623,0.856359358589462,3.59366568855536,0.000326058143996446,0.0118546027905894
"Golph3l",211.223957952061,0.823015470413238,0.229253376407246,3.58998189388161,0.000330700931608455,0.0118878703077783
"Hbb-bs",537.727303769578,-3.35335219683386,0.934007938044808,-3.5902823308478,0.000330319977983735,0.0118878703077783
"Serpina3g",129.542187188722,-2.26664108755361,0.631419529254959,-3.58975448578241,0.000330989558072168,0.0118878703077783
"Slc25a37",158.482046967367,1.48774462283713,0.414591482001134,3.58845921208064,0.000332638020177565,0.0119100888648716
"Cd72",200.462808054079,0.882409673736554,0.246115762187603,3.58534401004326,0.000336634169189094,0.0120159696502218
"Clec4e",4307.68290672587,2.25400138736991,0.629294003796666,3.58179384162415,0.000341243036233834,0.0121430021970593
"Eif4a1",970.615418745666,-0.588078626242887,0.164410899539481,-3.57688345413905,0.000347715106723337,0.0123096033487492
"Rbm3",46.1650596029103,-1.1947462494059,0.334042546588937,-3.57662897018961,0.000348053635541807,0.0123096033487492
"Vcpkmt",34.7142550787354,1.11329687263337,0.311657459038689,3.57218106079459,0.00035402050382115,0.0124824607521085
"Gm6392",5.91983795126472,-2.5144063100796,0.704514421283868,-3.56899196683225,0.000358357412164419,0.0125789053002912
"Tstd3",61.8689112503201,1.16121420562273,0.325472496312496,3.56777982403716,0.000360018820094803,0.0125789053002912
"Ube2c",26.4769474776225,-2.16058134876143,0.605575867074078,-3.56781283111656,0.000359973484128522,0.0125789053002912
"Ubc",6701.85311751125,0.5654388287314,0.15859101096312,3.56539015230119,0.000363315310812395,0.0126558481010402
"6530402F18Rik",82.8753535350561,1.66281848926473,0.466856102082074,3.56173665043454,0.000368409825952766,0.0127183869765485
"Cybc1",250.238471079503,0.79187106915163,0.222288004369831,3.56236528100795,0.000367528520446404,0.0127183869765485
"Mrpl42",269.101002467279,0.705364080048735,0.198028138949534,3.56193864059133,0.000368126431654739,0.0127183869765485
"Atxn7l1",178.850867948158,1.18828308649899,0.333774015592142,3.56014258446955,0.000370653484124701,0.0127577605473279
"Arhgap9",233.829212684363,-0.6641519870232,0.187025416525208,-3.55113224374871,0.000383577631954495,0.0131634282301298
"Ptprs",213.29388395231,-0.847690157869844,0.238769934199571,-3.55023826894939,0.000384882632847596,0.0131691350558652
"Mef2a",295.726517860496,-0.556900032911125,0.157298895022847,-3.54039380143284,0.000399530392109378,0.0136299970051473
"Emp2",60.7479452144102,-1.29269683345851,0.365214468912216,-3.53955536676512,0.000400801686541972,0.0136331514848762
"Dnmt3aos",36.4806391022702,-1.24377033514813,0.351631111627914,-3.53714530375302,0.000404477072170503,0.013717822110416
"Cd47",807.585947151459,0.822545111228147,0.23261887863104,3.53602044713146,0.000406203252206797,0.0137360836601509
"Tnfsf9",94.717891780434,1.85908993785707,0.526821595850469,3.52887951538105,0.000417323083797617,0.0140709663676952
"Parp10",280.777751680421,0.860624239892069,0.24410383529953,3.52564816868211,0.000422447787881,0.0142023507757086
"Sec11c",921.810998414776,0.40159072609291,0.113991478817203,3.52298900110683,0.000426709068285475,0.0143040300716566
"Hipk1",509.037911226724,0.685669073375993,0.194768732716096,3.52042683553041,0.000430852840531212,0.0144011939327846
"Ikbke",398.743347618406,0.57095398442601,0.162444849097797,3.51475585466103,0.000440158444786562,0.0146698340459844
"Cirbp",36.7464083860711,-1.24628021755564,0.355027687469927,-3.5103747159472,0.000447475619045975,0.0148708492363986
"Myl6",427.09621956561,-1.02196126260401,0.291194035344381,-3.50955424411557,0.00044885849204517,0.0148740643567404
"Mrc1",30.6197794971228,-1.73051174830997,0.493199492270718,-3.5087460052779,0.000450224645730674,0.0148767086510721
"Nab1",79.4028333922214,1.15661665538667,0.329816755554889,3.50684625904089,0.000453451052593547,0.0149406308354541
"Klra2",15.5622259489409,3.18726167614594,0.909222838219934,3.50547912147249,0.000455786248035074,0.0149749089730842
"Gys1",60.2252994827377,1.53063463380168,0.437759335148444,3.49652082983597,0.000471367691666699,0.0154429670088538
"Tacc2",41.9103984741026,-1.21956942792601,0.348892617560932,-3.49554380500189,0.00047309679017966,0.0154558315774796
"Kif19a",6.86384592294665,-4.63093202547021,1.3251625993447,-3.49461419131525,0.00047474747386799,0.0154660691134741
"Calm1",2392.89430499401,-0.705795402437626,0.202238889465004,-3.48990940518272,0.000483184318121507,0.0156967040423461
"Ctsk",697.311546084375,0.506840961474915,0.14535946093905,3.48681095953868,0.00048881674602764,0.0158351979490467
"Mettl27",34.7610971140307,-1.04616539868404,0.300143904970296,-3.48554603761677,0.000491133703304772,0.0158658136277086
"Fcor",24.3114395261406,1.26568329462634,0.363727560223052,3.47975636998794,0.000501869940265642,0.016145665077989
"Fgd3",154.571879541776,0.88465205459735,0.254256181150555,3.4793728537656,0.000502588796201994,0.016145665077989
"Itgb1bp1",159.496457802744,0.706237506858637,0.20339885843471,3.47218028799969,0.000516249513812835,0.0165385751447242
"Dcstamp",250.697750343168,-1.16715595434884,0.336644014872459,-3.46703313525722,0.000526237015107238,0.0168119643086056
"Jpt1",918.745146669045,-0.452751247811555,0.130660185065049,-3.46510490235533,0.000530024690202862,0.0168863238077027
"Bhlhe40",290.071244859924,-0.973940293683183,0.281250023617533,-3.46289853119311,0.000534389878683747,0.0169786234807075
"Dnajc19-ps",11.5520134134929,-2.9657020377346,0.856909043582098,-3.4609297917282,0.000538313183414186,0.0170564163457125
"Dhcr24",61.9939920100276,-1.0350551250462,0.299721946451498,-3.45338450287188,0.000553599307754551,0.017492830585195
"Uba52rt",32.6313833514945,-1.91001664412143,0.55400900869069,-3.44762741067233,0.000565533598473953,0.0178212426876056
"Fas",69.9781517000234,1.77326662365476,0.514667738458972,3.44545906250954,0.000570090311696273,0.0179160175401288
"Nts",12.4713034078402,4.07916971730619,1.18483679278324,3.44281148437669,0.000575700467647382,0.0180432951445582
"Tarm1",746.508755479029,2.74681569271941,0.798059931441859,3.44186643696886,0.000577715419668536,0.0180575103472071
"Rpl19-ps7",20.6523912798775,-5.48660462711034,1.60047338073873,-3.42811364008935,0.000607790982038056,0.0189463684832079
"Slc4a1",8.23682442273451,-4.51775803667772,1.31912207745072,-3.42482179163324,0.000615202813130072,0.0191258616501325
"Bcar3",77.4037802204695,-0.884228517198504,0.258333293538634,-3.42282059383983,0.000619749668350482,0.0192155627733869
"Pnp",2577.86831210435,0.825952854983544,0.241607262352268,3.41857627515885,0.000629496715438382,0.0194655869359489
"Lmna",376.069920271043,-0.781208398798748,0.228736159744926,-3.41532532359514,0.000637058747815975,0.0196468917826447
"Tmbim1",460.57388277081,0.568449726115435,0.166535562491456,3.41338340959217,0.000641616054532968,0.0197348129539196
"H2-M2",2781.99298981444,1.24211942660274,0.364094404245429,3.41153121860518,0.000645991035823248,0.0198166746135169
"Phka2",73.9925759172007,-1.07129567528597,0.314399384410031,-3.40743566434219,0.000655763657233631,0.020063245227267
"Asns",104.726513458628,-1.38686781377026,0.407706401573714,-3.40163364719579,0.000669843670757468,0.0204399526446177
"Pla2g4a",120.682528764304,1.38255591787921,0.406645268861221,3.39990656168447,0.000674088840901974,0.0205153616974509
"Pcnx",95.4566833146537,0.766238938633902,0.225472454155679,3.39837050828767,0.000677885456248626,0.0205767593215626
"Tmem33",294.159858773628,0.615395868852141,0.181129187601521,3.39755219465785,0.000679916163114449,0.0205843728440278
"Fcer1g",4528.04692514097,0.724998523104337,0.213772444495099,3.39144984198821,0.000695238873273249,0.0209858328696613
"Lamp2",1723.10924661758,0.584538599158665,0.172387913624973,3.39083284243649,0.000696805864414175,0.0209858328696613
"Syt11",66.0667562659375,1.04746237533775,0.309364236965269,3.38585476334598,0.000709569267946933,0.021314723594302
"Rpl18-ps2",18.2894949740668,-3.45535397867711,1.021237726632,-3.38349621108567,0.000715691950062854,0.0214388357053559
"Vma21-ps",3.79994293489376,-6.56999276925895,1.94215393342556,-3.38283833026089,0.000717408509984672,0.0214388357053559
"Abcg2",4.96232788963465,-3.75627746010244,1.11076998035455,-3.38168795208478,0.000720419302267553,0.0214733227595986
"Bst1",838.37382903831,1.35665709058688,0.401760013922857,3.37678475600456,0.000733384160042309,0.0217487031211295
"Notch1",288.563921096252,0.988368829188299,0.292752202668311,3.37612772911609,0.000735137820685415,0.0217487031211295
"Sod1",1223.81852697785,-0.428663416604933,0.126971237528229,-3.37606709164844,0.000735299863412161,0.0217487031211295
"Oas1b",53.2481693156752,1.73421762821159,0.514971249180907,3.36760087280595,0.000758252818350399,0.0223703924597509
"Pkmyt1",26.375464900177,-1.48059428324548,0.440203322339507,-3.36343277778255,0.000769795813280454,0.0226531516045508
"Mafk",88.9361723189926,-0.884375826268215,0.263140887673735,-3.36084534063266,0.000777043230373192,0.0228083882214872
"Atp6v1b2",1232.39644326398,-0.741495452936831,0.221223599538593,-3.35179182728864,0.000802903677455579,0.0235078000753766
"Rps3",4316.30068020701,-0.542630902647614,0.161973213894253,-3.35012740441072,0.000807743985561767,0.0235897959419743
"F2rl2",3.59635125576146,-3.27086566579029,0.980475759190659,-3.33599850392043,0.000849936211644026,0.0247594767951213
"Ldlrap1",30.2462739942591,-1.13591783453168,0.340804498528616,-3.33304824154575,0.000859000466507204,0.0249606542591855
"Ifit3",1384.19787492615,2.42332564945186,0.728114461395385,3.32822073717326,0.000874025839685602,0.0253336061051729
"Klhl21",98.7544581067736,-0.773331599306162,0.232881428568058,-3.32070961631087,0.000897889048766353,0.0259602171224572
"Camkk2",358.567724949405,0.602960455182271,0.181696620796088,3.31850120569361,0.000905019318034143,0.0261011182370695
"Rplp2",4751.03311478988,-0.835447384485484,0.252001315111573,-3.31525009746712,0.00091561166989428,0.0262863355384413
"Rps15a",52.1606131100606,-3.85479351046067,1.16278612915567,-3.31513544391843,0.000915987308429904,0.0262863355384413
"Gpi-ps",7.82714367950958,-3.12153407063335,0.943124539855309,-3.30977929077346,0.000933695635096409,0.0267281931185395
"Tspan14",110.526580074083,-0.826005234567424,0.24987654243097,-3.30565336998616,0.000947552302702359,0.0270578824216118
"Gm4600",10.8184235358703,-2.61670717262488,0.792575894199972,-3.3015225314999,0.000961616111003904,0.0273374389556139
"Ppp2ca",24.6043170939589,-1.32780428211106,0.402279395298265,-3.30070169546363,0.000964433644089102,0.0273374389556139
"Tesc",3.7398177430861,-3.58371245543322,1.08561539819744,-3.30108845304112,0.00096310514122059,0.0273374389556139
"Adgre5",414.234855633961,-0.846119031691939,0.256597737843531,-3.29745319971562,0.00097565932747061,0.0275880198586738
"Nabp1",121.429408601837,0.937814698164222,0.284522787751887,3.296096968451,0.000980381700478969,0.0276539374781446
"Tmem119",106.698374433838,1.62018132828033,0.491652281227915,3.29538047547321,0.000982885052001549,0.0276570939815034
"Kcnq1",5.10902832645768,-2.52033611493399,0.764977331530232,-3.29465464014784,0.000985427078698701,0.0276613207892002
"Atp8a1",23.6984817290838,-1.3135015917845,0.398967690813788,-3.29225053062646,0.000993890308764288,0.0277641097122198
"Fosb",7.30945891076815,-4.88622036254189,1.48410357729994,-3.29237152802467,0.00099346275629398,0.0277641097122198
"Psenen",114.405317972549,1.08240494338526,0.328920656693115,3.29077825110615,0.000999106373396393,0.0278425667670585
"Csde1",1105.01888381119,0.473317668446314,0.143948925962182,3.28809447713881,0.00100867983713788,0.0280417844146624
"Mapkapk2",3119.85946301379,0.410574380303155,0.124954680798059,3.28578631613401,0.00101698127405858,0.0280701394617839
"Trim30d",60.2791234837459,1.5723556034138,0.478385384731742,3.28679690809432,0.00101333886853352,0.0280701394617839
"Zbtb18",90.1046566610091,-0.773856589876034,0.235507766029601,-3.28590688503567,0.00101654608028931,0.0280701394617839
"Ilk",414.967372194242,-0.595754964366134,0.181508441009501,-3.28224385076918,0.00102984503879677,0.0283575187468681
"Mir22hg",365.608494398129,-0.845800611391025,0.257796894685978,-3.28087975001132,0.00103483853439362,0.0284273340861335
"Slamf6",17.4643717595204,2.71710894860415,0.828626020481426,3.27905337443486,0.00104155934250227,0.0285441559147839
"Ciao2a",707.105066468901,0.445034850832098,0.13606551016776,3.27073958921256,0.00107266636064374,0.0293271547537705
"Lpl",2024.2205056022,-0.799906406899742,0.244676958952954,-3.26923470980995,0.00107838808159538,0.0294140522727607
"Oit3",99.2243740328817,0.727531381428347,0.222618934556593,3.26805706296917,0.0010828853031119,0.0294672200717391
"Calcrl",177.327209405503,1.03541405301966,0.31701697119456,3.26611553040234,0.00109033755799047,0.0295466064777178
"G3bp1",22.7590256058065,-1.22579981308305,0.375325309893115,-3.26596629849486,0.00109091231871902,0.0295466064777178
"Itprip",59.8453841107246,1.27446299767176,0.390636727468096,3.2625273254058,0.00110423526676946,0.0298375721032447
"Cd38",207.318283318734,2.46325782862796,0.756390330224601,3.25659613852616,0.00112756738866338,0.0303970089741072
"Car2",556.716617612299,-0.69539264534982,0.213927152564893,-3.25060487653095,0.00115159784898314,0.0309726258685814
"E230032D23Rik",32.0654062572251,1.33342017564783,0.410374750876148,3.24927440784547,0.00115699808180565,0.031045667786734
"Bbc3",36.0339867765516,-1.17954117700117,0.363884058098892,-3.24153023675638,0.00118889821141399,0.0318277958680619
"Uqcrb",12.8717147552905,-3.65218144841806,1.12746268790103,-3.23929251726924,0.00119826612332914,0.0320044981900729
"Crat",106.829657766189,-0.638712096170777,0.197660928886578,-3.2313522949054,0.00123205982828174,0.0328312716914247
"Flnc",20.6728712431581,-1.64054128811293,0.508051758825508,-3.22908298143767,0.00124187854373277,0.0329504993846655
"Il18",33.1244796115366,1.70902455071333,0.529273382821449,3.22900150693931,0.00124223240222345,0.0329504993846655
"Irgm2",254.725007740003,1.26401533706408,0.391575400638943,3.22802539434692,0.00124647908184376,0.0329874841682451
"Tpcn2",110.27956620882,-0.664253503530384,0.206133682982977,-3.22244037906818,0.00127103615015,0.0335605778001936
"Actg1",80.3430235735927,-1.19129613801411,0.369937518601336,-3.22026309339528,0.00128072999634327,0.0337395043455806
"Gm6402",82.6926033988714,-3.52361929805067,1.09559249261255,-3.21617692874862,0.00129910713094199,0.0341458499303275
"Hcls1",881.795144067792,0.729680105860436,0.227241502731448,3.21103362321435,0.0013225845893711,0.0346841060682013
"Dusp6",44.7775660116378,1.52582889040087,0.475326868493174,3.21006236242837,0.00132706177576915,0.0347227815311542
"Inf2",175.669036060151,-0.758396133213073,0.236314455056204,-3.20926679255697,0.00133073950027413,0.0347404115590752
"Ly9",255.690720122789,0.768977938889067,0.239682192811199,3.20832319610327,0.00133511370586319,0.0347761036223148
"Smox",180.245382237769,1.38881470142247,0.432970193296588,3.20764505946283,0.00133826551477438,0.0347798666929566
"Arl5c",228.516909876329,1.23643483811653,0.386399686719447,3.19988571578285,0.00137482090279264,0.0356497841721904
"Gucy1b1",4.53003915134484,-2.73199136354057,0.854403180289152,-3.19754353280379,0.0013860348894086,0.0358601644206051
"Zfp90",49.6613745365067,-0.955967783848224,0.299177076113066,-3.19532430849395,0.00139673793823652,0.0360564157493424
"Eef1akmt2",21.0077996379746,1.36218068652991,0.426486666782632,3.19395843440089,0.00140336321721379,0.0361467608175445
"Bet1l",151.168629523379,-0.769070731309963,0.240905417180942,-3.19241775593748,0.00141087116834946,0.0362593890265811
"Ctsc",752.634498563873,1.00730340568911,0.315793545830936,3.18975298573196,0.00142394446267674,0.0365142299575532
"Epsti1",578.624045676807,0.797204047349977,0.250168280360684,3.18667117270261,0.00143920297437902,0.0368238548643658
"Eif1b",276.470935880491,0.644899768743591,0.202736526790401,3.18097473086495,0.00146780431885747,0.0374727526436791
"Atp1a1",1190.08203618365,-0.54880538822879,0.172598002394416,-3.17967404382049,0.00147440798905538,0.0375584325846376
"Fbl-ps2",19.3546341871128,-2.25557060649283,0.710666334322222,-3.17388132455158,0.00150415177520679,0.0381480598251458
"Rgs1",722.43673108003,0.924863033258526,0.291348928689236,3.17441714105295,0.00150137750192034,0.0381480598251458
"Hlx",159.877562597535,0.641303147775874,0.202167969400995,3.17213033140708,0.00151325078169703,0.0382948474624205
"Gm4202",4.66338713306548,-3.33849079289966,1.0533568384162,-3.16938255977842,0.00152763179509116,0.0384903305233752
"Map2k1",556.682627319312,0.743874628681223,0.234662686591053,3.16997405717754,0.00152452548431656,0.0384903305233752
"Atp6v0a1",401.946322268814,-1.16800438291151,0.368700078305543,-3.16789838580827,0.00153545177434504,0.0386032603702183
"Wdr91",115.158266695293,-0.948184575088172,0.299728495849017,-3.16347824187462,0.00155896004448416,0.0391092687949227
"Abca7",144.510246097233,0.624203919146282,0.197551861552122,3.15969646776319,0.0015793357895683,0.0394492838150267
"Cd81",379.987545143696,-0.587765325592844,0.186014398685071,-3.15978402611698,0.00157886127601227,0.0394492838150267
"Tmc8",54.0755042249599,-0.915360518226802,0.289772121629517,-3.15889780245016,0.00158367013961656,0.0394722956135033
"Tcirg1",1322.39622025956,-0.740819454766366,0.234654909350249,-3.15705926126869,0.00159368954155668,0.0396366011787163
"Rac2",82.9998052494385,-0.708070848873741,0.224475226964751,-3.15433849181465,0.00160862388840265,0.0399221786896494
"Kmt2e",147.735211319167,0.559838708853649,0.177564279661415,3.15287911465733,0.00161668740866548,0.0400363809019622
"Stk40",178.897653631616,0.830893604924337,0.264028627184141,3.14698301387163,0.00164964544887914,0.0407652769578786
"Plekhm2",274.121954353419,-0.611426164441212,0.194435070003228,-3.14462902413161,0.00166297561872891,0.0410070640311298
"Rras2",40.7108283936191,-0.998993273647918,0.317963046237631,-3.14185338663952,0.00167882078658856,0.0412220008426682
"Sdf2",276.857877044138,0.477072953974283,0.151839773685051,3.14194984881784,0.00167826779541569,0.0412220008426682
"Hscb",94.1194803832868,0.763046830584276,0.243175164600265,3.13784852099755,0.00170192807013256,0.0417008434980573
"Leng9",20.58901197585,1.8602838281442,0.594230774912405,3.1305746970416,0.00174464623842642,0.0426571538000033
"Cdkn2d",82.0668202598179,0.820625023310992,0.262745449625488,3.1232701631206,0.00178853493207353,0.0432728169234944
"Ckb",1274.46168879925,-1.18268821362449,0.378639433495597,-3.12352097800781,0.00178701125903726,0.0432728169234944
"Csnk1e",208.372816367527,-0.69524835835449,0.222559790964038,-3.12387226525941,0.00178487923310457,0.0432728169234944
"Gfer",111.973867992039,0.698749487204901,0.223682004436309,3.1238520459694,0.00178500188419274,0.0432728169234944
"Gm8797",22.8726001271371,-3.59572345188428,1.15109246481663,-3.12374857953492,0.00178562963732571,0.0432728169234944
"Dag1",374.559072577167,-0.708419388629249,0.227134000456743,-3.11894911023752,0.00181497305821324,0.0435480568843074
"Dym",83.4168915938624,0.676564299965552,0.21686455791114,3.11975505118164,0.00181001486872578,0.0435480568843074
"Ldaf1",134.322687361532,0.614358214520933,0.196880610822433,3.12046072975171,0.00180568372323232,0.0435480568843074
"Slfn5",470.941671974832,1.38117582351431,0.442799005957835,3.11919359558326,0.00181346765468358,0.0435480568843074
"2410002F23Rik",30.6171411234892,-1.54717214652899,0.496748091350678,-3.11460108950227,0.00184193828171445,0.0438531629642452
"Ccni",537.404724935171,0.465547337375478,0.149535097610895,3.11329811404462,0.00185009036851025,0.0438531629642452
"Gm12989",9.72612244514631,-3.23213039861023,1.03853762370096,-3.11219384338925,0.00185702519254873,0.0438531629642452
"Papss2",64.448958116982,-0.992813702656112,0.318925022792236,-3.11300033457356,0.00185195807801365,0.0438531629642452
"Parp4",86.5085741619726,0.737856099774076,0.23709761656717,3.11203507845065,0.00185802419822569,0.0438531629642452
"Rps8",4068.8749021327,-0.532329259393538,0.170857204567171,-3.11563835275238,0.00183547223675507,0.0438531629642452
"Tmem170b",123.456050876741,0.772723923094083,0.247971838696408,3.11617612369334,0.00183212812035619,0.0438531629642452
"Znfx1",1088.84617851822,0.96765632326838,0.31077174121731,3.11372044149837,0.00184744444628886,0.0438531629642452
"Nt5c2",98.3512322744867,-0.605170341551936,0.194500456048362,-3.11140834241264,0.00186197266856431,0.0438568511444933
"Vcp-rs",8.92266352213409,-3.65342575107875,1.17499886622111,-3.10930151177802,0.00187530239209671,0.0440810409849563
"Gbp5",513.346201676869,-1.42108247621036,0.457199961605534,-3.10822964905769,0.0018821175594344,0.0441515001518435
"Ldha",3265.51217630797,0.691469137654303,0.222665990778585,3.10540974504673,0.00190015600461873,0.0444844214441611
"Ngp",70.439748496552,-1.69276257213845,0.545294422707021,-3.10430934491319,0.00190723804344923,0.0445600161060411
"Msl1",422.06177074908,0.420281990421014,0.135502284124007,3.10165982173694,0.00192438960939623,0.0446898912302557
"Ppfia3",137.836738077409,1.70856283406193,0.550755016902784,3.10221928375736,0.00192075620554303,0.0446898912302557
"Rapgef3",5.44977349379964,-2.487866396137,0.801944505668303,-3.10229246357107,0.00192028140833171,0.0446898912302557
"Miip",46.7298727132133,-1.2731168577096,0.410857354835917,-3.0986833817738,0.00194382631010335,0.0449607025526906
"Prg2",15.578812450993,-1.46921554274638,0.474074950566388,-3.09912080566813,0.00194095859850979,0.0449607025526906
"Gm42725",4.56460676886246,-5.58674539552588,1.80452778458081,-3.09595975371678,0.00196176986463577,0.0451949571404634
"Gsk3b",119.947116615652,-0.671330062966097,0.216830785085138,-3.09610124181629,0.00196083399412557,0.0451949571404634
"Rida",50.0034370765025,1.00599008698229,0.325344176674831,3.09207958557605,0.00198759553400712,0.0456988913534639
"Tet3",36.3048368866414,-0.879266903919956,0.284486395366132,-3.09071687870467,0.0019967392433725,0.0458180344238155
"Irf9",300.353985305687,0.84971397284709,0.275222208168827,3.08737430202528,0.00201933152989717,0.0461532987020964
"Mr1",60.5343585172154,0.991182354000143,0.32100907374673,3.08770821469727,0.00201706413245245,0.0461532987020964
"Pbxip1",300.528972646549,0.639546287491791,0.207602443839266,3.08062985995941,0.00206563256918474,0.0471184233976756
"Hck",851.935968097883,0.53923384422723,0.175117205325666,3.07927392528002,0.00207505792761952,0.047147436017524
"Wdr1",849.076507626686,-0.442387316982512,0.143665387138043,-3.07928949202941,0.00207494949670952,0.047147436017524
"Gpr18",18.6394530345121,2.49739971364355,0.812036846433361,3.07547585385153,0.00210166945098032,0.0476584454913478
"Isyna1",217.744621122026,-0.714851223350752,0.232487425222666,-3.0747952181332,0.00210647132743494,0.0476738569506557
"Gm9892",17.1332644851061,-2.55834755185884,0.832365975020651,-3.07358497179725,0.00211503445929202,0.0477741670345941
"Smim27",91.7234312790207,0.810186052419806,0.263757376312905,3.07170955271656,0.00212836711988185,0.0479816096324242
"Trim30a",148.686486951156,1.06185602479596,0.345782472826992,3.07087868310564,0.00213429850632297,0.0480217163922668
"Septin11",195.649158603042,-0.817707110475506,0.266808140705222,-3.06477571604134,0.00217833286349693,0.0489173195462952
"Rab3il1",62.5376656608082,-1.40817065374615,0.460109960889823,-3.06050895099694,0.00220961155836298,0.0495235613807516
"Gm15500",103.80103379807,-0.90275568641399,0.295153084518918,-3.05860156564323,0.00222372685932836,0.0497435224915522
"Cd274",1954.23510328123,1.01559640039417,0.332318077048998,3.05609736735575,0.00224238424095918,0.0498987662932678
"Gde1",536.696790592075,0.940993306007047,0.307923367060876,3.05593341287741,0.00224361076286202,0.0498987662932678
"Hspa8",3019.84750697265,-0.514656253515855,0.168352047608327,-3.05702402095643,0.00223546360874948,0.0498987662932678
"Rpsa",2445.24385908839,-0.667544675256289,0.218501246012704,-3.05510694990488,0.00224980278809326,0.0499404400082507
