"","baseMean","lgFC_CD11c_Treatment_6H_vs_CD11c_Control","lfcSE","stat","pvalue","padj"
"Dll4",70.2484795205108,5.33452528138717,0.485946942371384,10.9775879139296,4.89828216803423e-28,8.61104766539963e-26
"Il23a",38.2242596723803,5.76100301153123,0.559206891077873,10.3020958851685,6.89425834447581e-25,1.01917507731007e-22
"Rilpl2",866.845699641948,1.22405838418785,0.121076572969524,10.1097871715939,4.99927593205245e-24,7.22617562223003e-22
"Gramd3",196.103524900404,1.43745698156285,0.154200049043376,9.32202674694675,1.14138827917974e-20,1.23736001032077e-18
"Pxn",272.037232773725,1.06403250459289,0.124297254462641,8.5603862224704,1.12490036281003e-17,9.75588587986379e-16
"Rabepk",83.474164087941,1.60225577277863,0.193874319262832,8.26440437738678,1.40393947329909e-16,1.12048150970233e-14
"Trim56",133.000359075243,1.40855091895478,0.179514419572683,7.84645000834866,4.27979241324612e-15,3.07601212728833e-13
"Hsh2d",92.5394932486008,2.2370369048174,0.29434034445899,7.60017084619902,2.95740053928725e-14,1.93209507945754e-12
"Myc",137.054200746225,2.00694157056392,0.264861461937012,7.5773257305406,3.52750364707762e-14,2.27174727449667e-12
"Il22",172.543184330951,5.77138826552574,0.769241689103133,7.50269823812418,6.25173628048044e-14,3.96726035476927e-12
"Itk",71.1852990280945,1.326040074465,0.179234774384492,7.3983415272998,1.378958247337e-13,8.46173011302219e-12
"Ly86",544.003711020876,1.79274165346703,0.252740943462032,7.09319839085092,1.31047379274466e-12,7.34825584905831e-11
"Smap2",320.008053893304,0.869427994777465,0.127165276074604,6.83699215395402,8.08731686839535e-12,4.06208127957356e-10
"Nxf1",267.356267932502,0.811785954040378,0.118956938027539,6.82420014755631,8.84165417626143e-12,4.40693789957797e-10
"Gm15856",9.36748934926364,5.07355838782115,0.74631447654477,6.79815084294,1.05970471865447e-11,5.23393652154514e-10
"Nmral1",30.4983171246729,2.55695777148403,0.377764085230485,6.76866296043985,1.29977933924781e-11,6.30926471055029e-10
"Zeb2",479.394359449466,1.13505338128596,0.171569149068811,6.61571959438192,3.69748658126252e-11,1.71151417566872e-09
"Bbx",202.766735838863,1.76509578523681,0.268330946435029,6.5780552287665,4.76641199493401e-11,2.16805082664673e-09
"Herc3",54.9241603830709,1.43744855700994,0.219648786903585,6.54430455671446,5.97728765762105e-11,2.69060675217966e-09
"Ogfrl1",290.649062346735,1.47872079224103,0.232379589537325,6.36338499084714,1.97355182231734e-10,8.308717040947e-09
"Zfyve26",105.28118586635,1.5918354762027,0.252336851236059,6.30837496943143,2.81980389177083e-10,1.15718702927592e-08
"Cyth1",405.225773463509,0.828050391921974,0.131438693524089,6.2998982241878,2.97841145757879e-10,1.21461299848409e-08
"Cmtr1",43.1744398852137,1.4241855481947,0.228581024900017,6.23055019032157,4.64799884936148e-10,1.86622892072048e-08
"Synpo2",11.234175435302,3.43231901936987,0.55979709017259,6.13136273772281,8.7129490592232e-10,3.31423258220569e-08
"Swap70",173.320566850767,1.22802338365011,0.201418902092555,6.09686266230276,1.08170375262058e-09,4.04364486144859e-08
"Ncf1",1679.40992049331,0.781044704631149,0.12908622371304,6.05056590986363,1.44337894390916e-09,5.28927230459557e-08
"Amigo2",32.4815639392107,2.17967455921917,0.363751982542036,5.99219980599633,2.07021348620698e-09,7.37846773755251e-08
"Gbp8",85.1894651450206,2.17165412159934,0.363071427617333,5.98134129102609,2.21307624038372e-09,7.82334478563907e-08
"Apol7c",44.2079626104133,2.23198813899018,0.375142153457719,5.94971297791449,2.68613109562554e-09,9.24441254576524e-08
"St6galnac4",95.28202133781,1.59351786697976,0.271119639561546,5.87754494494309,4.16395681416677e-09,1.37834387265892e-07
"Col9a3",10.7272901112291,2.68065723648818,0.457810874077412,5.85538131196704,4.75916800496444e-09,1.54780041441456e-07
"Vars",253.078911785374,0.982949470521298,0.16815269961642,5.84557650732666,5.0481684931011e-09,1.62956883192934e-07
"BC147527",12.7454059475762,2.86416367831873,0.490466063169568,5.83967759116599,5.23019380280027e-09,1.67998990569454e-07
"Tamalin",58.3696917089742,1.60032868244595,0.277157181340216,5.77408340894301,7.73731044924657e-09,2.43715911947333e-07
"Nolc1",176.250233891462,1.01788342751741,0.177411506415572,5.73741494045547,9.61325322476762e-09,2.99183758854072e-07
"Tmem39a",117.96543334197,1.82614120277139,0.319496492299491,5.7156846687994,1.09263189036991e-08,3.34448194395815e-07
"Tut4",190.787234956669,0.895623382011395,0.158226689625143,5.66038121718421,1.51037101295415e-08,4.49620515046235e-07
"Psat1",105.546067522315,1.09172776699957,0.194155146951925,5.62296588135204,1.87706485329646e-08,5.48735655652441e-07
"Mybbp1a",264.367933199065,1.10502769289707,0.197556982866206,5.59346309538164,2.22584554590712e-08,6.44900327543558e-07
"F3",16.0284362445595,3.9347200459467,0.703889831973599,5.58996574068182,2.27114416883554e-08,6.56562544275145e-07
"Ifng",72.8426964621458,4.66788444941748,0.838492697364839,5.56699475628995,2.59170191152806e-08,7.39373907172555e-07
"Atad3a",112.41464801359,1.19392504668438,0.215339524573682,5.54438414892973,2.94990567050803e-08,8.34246149296498e-07
"Cxcr5",136.965176348895,1.292147655912,0.235130398115636,5.49545131666268,3.89712446529695e-08,1.06957156474785e-06
"Dusp14",14.322862931937,3.7956313289766,0.691898743862481,5.48581907778547,4.11557952569313e-08,1.12242293605329e-06
"Smchd1",80.8780964314518,1.79478481901262,0.327673643216362,5.47735485037936,4.31730889047175e-08,1.17252341035798e-06
"Wnk1",262.329863398913,0.836115886064177,0.154101242328127,5.42575694674701,5.77094447659215e-08,1.54473696905324e-06
"Ehd4",342.585952446102,1.64380760934272,0.305372567732098,5.3829576819907,7.327176915803e-08,1.94529070403431e-06
"Cnp",223.208126616187,1.31145855556966,0.243728113590386,5.38082593858549,7.41448605132756e-08,1.96446128394542e-06
"Niban1",242.060558961471,1.42198443969681,0.264921890560362,5.36756112033261,7.98084668495732e-08,2.10167681223906e-06
"Fchsd2",190.062625387771,1.04133558193006,0.194046151210191,5.36643254934792,8.03092136897778e-08,2.11059103210165e-06
"Snhg15",112.850625991469,0.826232335924377,0.154226828206976,5.35725428273448,8.44961637499341e-08,2.20282684213005e-06
"Cdk5r1",32.0984177718106,2.31336947962314,0.433667783151796,5.33442780279897,9.58463128610135e-08,2.45929917950478e-06
"Tsr1",78.3528431754926,1.07760619107962,0.202739321373048,5.31523033510004,1.06522494857654e-07,2.69601388249653e-06
"Siah2",59.8622063365055,1.07473370209878,0.20321712082723,5.28859821320121,1.23257302302231e-07,3.07764730451001e-06
"Pnpla2",334.370490177153,0.994061936900587,0.188527920481802,5.27275712987319,1.34389356779077e-07,3.32370939608176e-06
"Jun",317.118201456353,1.25625565275356,0.238629193672263,5.26446757591162,1.40596209249234e-07,3.46362728400717e-06
"Rapgef6",174.992176588392,0.799510084660154,0.153635728865313,5.20393329445559,1.95114066944857e-07,4.65731907685439e-06
"Zc3h7b",131.565405108913,1.14192598042782,0.222189122497547,5.1394324240172,2.75569570945289e-07,6.41303139253535e-06
"Tmem192",140.088146188739,0.874476422544474,0.170369955356161,5.13280889647689,2.85449703901764e-07,6.59576411733224e-06
"Ppan",108.19276390049,1.24941124543362,0.243950368852045,5.1215796529145,3.0298670342022e-07,6.97620181379405e-06
"Iffo2",102.338276955173,1.33609780205349,0.262800546306038,5.08407543604406,3.69421105234056e-07,8.34340131595457e-06
"Naa20",96.4634960481483,1.26687436696093,0.24941604103824,5.07936202373886,3.78704447926485e-07,8.53824291694218e-06
"Nop58",206.428548449867,1.096072375305,0.219149224860504,5.00148871620553,5.68892972617035e-07,1.23140244272463e-05
"Ms4a4b",28.3080096431699,1.42442424627412,0.285250334040278,4.99359361336624,5.92660382265838e-07,1.28071742739141e-05
"Gm12185",6.00208822492845,5.33004443573538,1.06810662698926,4.99018010098815,6.03230230109349e-07,1.30139669377985e-05
"Gnl3",145.607244769718,1.33203314573847,0.271590489098162,4.90456477383136,9.36347197494003e-07,1.95520717370778e-05
"Lars",131.557969536499,0.808213842130849,0.166752310503922,4.84679246535443,1.25473563158467e-06,2.57412424314259e-05
"Carmil1",33.7709467867265,2.85893666545901,0.593257790166217,4.81904614292212,1.44246192938114e-06,2.93202925614364e-05
"Baz1a",130.149646248025,1.12301856641958,0.233238732094662,4.81488883228792,1.47281858197284e-06,2.97976624150618e-05
"Slc45a3",29.9970007613553,1.50355639636846,0.314232387578306,4.78485495386366,1.71110854921176e-06,3.41932582437722e-05
"Ncl",1110.58456188353,1.00540532471049,0.211570083139694,4.75211480654686,2.01300012063029e-06,3.98028473870526e-05
"Zdhhc14",63.6752687920885,1.59567981371212,0.33902669893897,4.70664941347102,2.51821433994004e-06,4.83177733750442e-05
"Scube3",5.0871947473855,3.72768852069984,0.798979596776693,4.66556159348547,3.07775282799143e-06,5.78590845944228e-05
"Tcirg1",833.978793950036,1.11802052108566,0.241829956707058,4.6231680156978,3.77923369624354e-06,6.99346389109989e-05
"Bcl11a",84.6308994353971,1.22346926869835,0.265781010630768,4.60329827851409,4.15851972520038e-06,7.65179393283334e-05
"Sfmbt1",71.3289292014801,1.02648143051897,0.223393159949255,4.59495461164587,4.32843474397199e-06,7.88635960564868e-05
"C2",5.98297795897332,2.71569753283143,0.59362693454923,4.57475457189892,4.7677856056191e-06,8.60251358439651e-05
"Lif",34.5571807326509,4.9046873043742,1.07776893208778,4.5507781476621,5.34478802609994e-06,9.5771828418091e-05
"Washc1",146.051014607232,0.763881383020326,0.168446133283825,4.53487039523321,5.76388680179127e-06,0.000102856520445134
"Sgcb",26.3614061360015,1.89417578889802,0.419017819872323,4.52051368477643,6.16897569095356e-06,0.000109038321689694
"Zfp213",35.5940739335917,1.02770628188449,0.22793723387235,4.5087248995047,6.52184100496026e-06,0.000114189272723456
"Casz1",56.4960699802292,1.05430319073281,0.234577464546156,4.49447773157836,6.97409007657008e-06,0.000120887763976916
"Mrps6",118.727663939628,0.75426446125879,0.168611910361122,4.47337592963246,7.69942403090916e-06,0.00013179185160276
"Adap1",267.762907737177,0.791149664875351,0.176981800665642,4.47023175207721,7.81348858842711e-06,0.000133568558537251
"Shmt2",200.604059872559,0.956784933570489,0.214153413926102,4.46775475594634,7.90448501994775e-06,0.000134769915628441
"Lrp8",74.1133885646704,1.31106816876073,0.293874175947977,4.46132486643815,8.14544992719291e-06,0.000138334410055943
"Gtpbp1",162.666656736976,0.694478037380245,0.155730717577896,4.45948010888007,8.21586973416761e-06,0.000139348434643789
"Gm4707",23.6241168013401,1.27692683321584,0.287062975463518,4.44824635135898,8.65742037908219e-06,0.00014626543079413
"Serbp1",1678.91820591298,0.497168317235749,0.112280352003514,4.42791911821035,9.51465650666146e-06,0.000159917527771523
"Tbrg4",95.716394840943,0.687363008197595,0.155492102435119,4.42056540128401,9.84429848753483e-06,0.000165031545134459
"Irf4",197.434053827509,1.53894591396461,0.348230492613505,4.4193312952426,9.90067741915015e-06,0.000165337500058696
"Dnajc7",305.365491790964,0.64897964005064,0.147032053647035,4.4138650311488,1.01541277778294e-05,0.000169135785226354
"Zfp296",48.5513060555169,1.17335850446734,0.267259620048225,4.39033215813005,1.13177645342168e-05,0.000186370631424843
"Dop1b",171.30972245653,1.05000851357487,0.239663047952851,4.38118651391529,1.18034775767385e-05,0.000193633593689523
"Isoc1",103.921620516323,1.09471538253468,0.250124390359673,4.37668386102014,1.20498550061047e-05,0.000196844766483787
"Trim14",24.6426508491823,1.50130464532864,0.343405513548575,4.37181287456611,1.23219113563738e-05,0.000200279292162342
"Srm",190.327155115082,1.04892457818894,0.240201149956409,4.36685910279487,1.26045978458953e-05,0.000203946782807527
"Stoml1",39.9300501108253,1.11795325248439,0.256206195181391,4.36349031955646,1.28003607463657e-05,0.000206857009875119
"Zfp593",24.2796656899927,1.40303702501828,0.322437392624958,4.35134713624924,1.35303637859695e-05,0.000217036377918221
"Kat6a",52.4524470439208,0.946962872304389,0.218063063426081,4.34261014876272,1.40799853167249e-05,0.000223785754912405
"Mertk",124.502462442014,1.64897867967589,0.379998336514687,4.33943657438131,1.42848486927706e-05,0.00022662389834665
"Nars",504.076062833859,0.552760454394477,0.127397492107196,4.33886448823786,1.43220796308062e-05,0.000226937800142702
"Nup210",179.357652483118,0.988278709168981,0.228229673246967,4.33019376976264,1.48978190713855e-05,0.000234426646088922
"Inka1",22.590855792926,1.5364368783653,0.357543364150298,4.29720429021707,1.72965774378118e-05,0.000266285415252656
"Rusc2",167.40129890796,1.35195240185496,0.314947652040023,4.29262575255888,1.76572485808127e-05,0.000271516721971385
"Prnp",50.3482831238314,0.934047701524743,0.217823470509795,4.28809484734906,1.80212144467708e-05,0.000276524958206344
"Vps37b",241.200079240589,0.771924667704858,0.180061282990156,4.28701081590682,1.81093479126125e-05,0.000277484696107392
"Gpr4",9.78333935186346,2.04701976118329,0.479611254787289,4.26808116104606,1.97161598581482e-05,0.000297894917066958
"Mphosph10",112.781665085781,0.830189627908329,0.194710990912556,4.26370193083329,2.01067624152797e-05,0.000303444167355421
"Ipo4",120.492284688262,0.730427418823351,0.171645678008734,4.25543728975327,2.0864083765203e-05,0.000314086601591588
"Cyria",77.7756135410112,1.30503956697134,0.306929637303874,4.25191773083579,2.11947724890132e-05,0.000318019371752679
"Gar1",145.060374223905,0.973785346068644,0.230237191981129,4.22948758925299,2.3422419893119e-05,0.000349028935154164
"Arid5b",96.7426145282248,0.93045472141954,0.220085212983659,4.2277021195814,2.36090065404553e-05,0.000350604527494045
"Sidt1",32.3499097051693,1.31270141932663,0.311402111595483,4.21545445726409,2.49275695673699e-05,0.000368503127843085
"Snrpd3",201.045135221586,0.566635314878689,0.134527515176755,4.21204029624862,2.53074382619025e-05,0.000372425864648291
"Pdgfa",163.438184848775,1.34754681158244,0.320956171718658,4.19853839970296,2.68643303229339e-05,0.00039179156185095
"Kmo",45.6340782996261,0.821312361394543,0.196094555865545,4.18834861462287,2.80991651386823e-05,0.000405707035836979
"Rftn1",363.019599683257,0.785705759378772,0.187735316301977,4.18517823314045,2.84942434754062e-05,0.000410046032490663
"Mef2b",19.4830462842263,1.28073533801504,0.306068894729015,4.18446748451511,2.85835354764996e-05,0.000410876478468269
"Zfp598",134.739488179863,0.666217673403168,0.159261266188805,4.18317453669723,2.87466521889866e-05,0.000412310031231011
"Dscaml1",16.0366364332033,2.58845707406409,0.619098466110842,4.18101031702549,2.90216694210653e-05,0.000415415065930608
"Kdm2b",53.9717313971408,0.958278500203042,0.229227519922618,4.18046882209665,2.90908697872845e-05,0.000415415065930608
"Rhoc",638.925060465975,1.27313589229711,0.305029328839649,4.17381468575561,2.99541433248823e-05,0.000426338567301306
"Nop2",133.866999810491,0.93543000385183,0.22426045772019,4.17117673512896,3.03030714913879e-05,0.000430833504952421
"Oaf",37.6015376055009,1.39527793680092,0.335926044153959,4.15352712623093,3.27389382071921e-05,0.000460433348256608
"Mrto4",79.7357480543988,0.832778692024228,0.201195506244905,4.13915155247319,3.48592621658427e-05,0.000488142240597898
"Gm19412",7.27853424309574,2.75244522126689,0.665381853397268,4.13664004693487,3.52428294324689e-05,0.000492982761383858
"Rcc2",231.693773451183,0.926390478562582,0.226178894283926,4.09583078693305,4.2065711241171e-05,0.000577249828624887
"Kdm6b",64.5991372403103,1.46598295823272,0.358165033389357,4.09303762670509,4.2575859938141e-05,0.000583634733335381
"Nle1",56.8001610690177,1.19091457577487,0.294108365886604,4.0492373353094,5.13848139544107e-05,0.000688429500239885
"Gemin5",36.800282918594,1.07508472052575,0.265741261512941,4.04560704801724,5.21877107980095e-05,0.000696317876688519
"Sytl3",12.5660750052914,2.45227533039987,0.606616431081222,4.04254682984597,5.28737482794969e-05,0.000704027217367426
"Bcl2l11",227.347749399873,0.672442422109089,0.166724857433756,4.03324634646198,5.50115563381863e-05,0.000730250343268842
"Il17a",30.1288417771303,3.92462310929205,0.974703450075451,4.02647913987403,5.66182597775732e-05,0.000747005011608975
"Pdgfb",81.1323917065747,1.26055805173364,0.313613144247329,4.01946817235284,5.83296605791415e-05,0.000766475307549547
"Nf1",47.226077085829,0.964353143708678,0.24151860457883,3.99287311795443,6.5277502121588e-05,0.000842455382043391
"Gpatch4",77.7403204070479,1.1252440912014,0.282532112429472,3.98271220048407,6.8133243901425e-05,0.000874970750161537
"Rtl5",28.1280577105255,2.04897072682828,0.514658479083785,3.98122407402273,6.85612782188738e-05,0.000877867783808395
"Polr1c",127.977629726282,0.596239116674005,0.15017166984963,3.9703834769303,7.17570437923688e-05,0.000912499885332283
"Lpxn",182.347266273853,0.781870383791396,0.197006373349527,3.96875679957932,7.22485707523392e-05,0.000917853180583185
"Vwf",53.0836656768715,1.55817208533446,0.394307815585529,3.95166421700429,7.76095873787807e-05,0.000977369915015061
"Pdcd11",59.137003493945,0.7812303960827,0.197829564962093,3.94900729945191,7.8475958909417e-05,0.000983174721097409
"Grn",3013.08630896507,0.809079123904258,0.205225103222181,3.94239842592908,8.06708185910351e-05,0.00100714652500074
"Sipa1l1",185.358749134076,1.50292661492746,0.381525908177908,3.93925178529851,8.17361160683302e-05,0.0010194680095234
"Tomm70a",11.0173188977322,1.69437085401379,0.43072730851327,3.93374374116702,8.36329469259049e-05,0.00103814981541899
"Gadd45g",220.730799445738,1.02883698034943,0.263157806835101,3.90958183123221,9.24560319876511e-05,0.00113254286264346
"Pim2",75.3994561075528,1.21262110867375,0.311262757632521,3.89581175048696,9.7870385108901e-05,0.0011876826864568
"Polr2g",263.562609343621,1.0422021517146,0.267944412004458,3.88962077588415,0.000100400991864746,0.00121273584323907
"Il17f",27.9200646096079,4.54386979873002,1.17101250726949,3.88029143200632,0.000104331378326971,0.00124861720391497
"Itm2c",649.70804798238,0.637849398544068,0.164641779668252,3.87416486768616,0.000106990965554136,0.00126993199899065
"Bcl2l1",289.546791960584,1.5258699332669,0.396595280420373,3.84742332699862,0.00011936661604033,0.00139018827938107
"H2-T23",1014.81222581902,1.20218235230616,0.314186373639204,3.82633510925806,0.000130065202026183,0.00150401618947433
"Cttnbp2nl",44.7974479761777,1.1469433250071,0.299898765257523,3.82443496898769,0.000131072335688929,0.00151297250663468
"Tbl1x",66.5017986578747,0.904685232226968,0.236722878900388,3.82170593915282,0.000132531670141475,0.00152812874829544
"Nhp2",330.990069998601,0.518375034801101,0.135850445756235,3.81577720938254,0.000135754952478858,0.00155597901039424
"Rbck1",141.742606644146,0.665429128978553,0.175077645106849,3.80076581777443,0.000144249581609694,0.00164464750846671
"Nsg2",32.4468245886247,0.998187671142017,0.263495956426853,3.78824663830891,0.000151714201334819,0.0017192073564152
"Elf1",288.103891998211,0.815105752004432,0.21556238392622,3.78129865312408,0.000156012376075767,0.00176024718158686
"Serpinb6b",277.31082698778,1.3244143158918,0.351551989134861,3.76733557716759,0.000164999142477021,0.0018393092069268
"Ly6c1",75.4922595125608,1.2569280557823,0.333719583894774,3.76641982203425,0.00016560523314535,0.00184290716679885
"Hnrnpc",460.553876944376,0.741076223232558,0.197922798213567,3.74426912877872,0.000180919647555341,0.00198782406676303
"Nol9",86.0019995709505,0.694399746585992,0.185842226181334,3.73650144455565,0.000186598377562248,0.00203816817271812
"Polr1b",16.7891261341726,1.23667072062046,0.331510951097666,3.73040684335078,0.000191170819300733,0.00207683245735314
"Vegfa",312.348638786571,1.3587910177455,0.366193699512323,3.71058000057092,0.000206784934438781,0.0022158692027299
"Cxcl11",4.81031762143385,3.31401516853273,0.894225855384026,3.70601582204255,0.00021054515209423,0.00224690884626238
"Patj",31.9962126920751,0.8554051576713,0.231510914180427,3.69488047982327,0.000219990244457931,0.00233641464917944
"Zc3hav1l",3.08752112851976,3.49947375336517,0.948032247388911,3.6913024456747,0.000223108650294039,0.00236739023790796
"Ltv1",138.828369186884,0.808797886576235,0.219397082010756,3.68645689889615,0.000227397933934683,0.00240310294277522
"C1qbp",354.622200560562,0.707062836284233,0.191824210024864,3.6859937345374,0.000227811955256161,0.00240552412818782
"Rab29",107.854907678109,0.762681805673788,0.207365681424843,3.67795577567744,0.000235110710790532,0.00247056158051215
"Mdn1",49.6344410224667,1.08023503449823,0.296670551056193,3.64119401353597,0.000271376527981496,0.00278637510064032
"Fcrl5",10.7774245022553,1.45849815655501,0.401244120903841,3.63493963044144,0.000278045737108364,0.00283249568836547
"Slc19a1",28.0511357161813,1.09988132251743,0.303661621413887,3.6220623383233,0.000292263665713866,0.00296337523635216
"Cct7",620.078019573932,0.434017632678071,0.120101473000037,3.61375778195442,0.000301791013601159,0.00304105290157822
"2700038G22Rik",23.9962550925154,0.978609250736828,0.272051191994043,3.59715112278669,0.000321721582300189,0.00321664957749252
"Gm49662",3.32150390423897,3.39192674213742,0.944478553044577,3.59132214405861,0.000329004664273699,0.00327218782686281
"Inf2",178.888828185849,0.707689909184239,0.197053958055339,3.59135089783631,0.000328968361865518,0.00327218782686281
"Sfxn2",35.0627067041722,0.930665320754474,0.259606943890425,3.58490149303283,0.000337205455415717,0.00334352573895051
"Gvin3",16.0327737168098,1.46581792714841,0.408978033425237,3.58409940717847,0.000338243255198903,0.00335126161986483
"Wnt10a",8.40522427424277,1.76762553229142,0.495084784799185,3.57034913324675,0.000356505738493528,0.00350285736560597
"Tlcd2",17.2525502560133,1.38699369116339,0.389856622111802,3.55770201786038,0.00037411336125845,0.00364557357049527
"Tnks1bp1",16.6607660691484,1.46746604930736,0.412457948949965,3.5578561476224,0.000373893968663646,0.00364557357049527
"Fbxw7",77.4806008270076,0.696168653880367,0.196868648333406,3.53620883657094,0.000405913675023614,0.0039231285277728
"Cluh",116.22489617026,0.754882791819637,0.213804346821821,3.53071770074318,0.000414433809675619,0.00399656740553753
"Eif5b",56.9553506959767,0.843513469656481,0.239461456180615,3.52254380771934,0.000427426394864666,0.0041066395648408
"Eps8l2",11.6567394813157,1.34997349263784,0.38375175799647,3.51783011936134,0.000435090801030841,0.00415572410470647
"Treml2",103.99022397273,1.01824515638702,0.289576224215951,3.51632859066379,0.000437559089839549,0.00417317170067646
"Rrp1b",39.2190996087572,1.17653822027071,0.334765687534447,3.51451258023463,0.00044056180389213,0.00419873150683715
"Pbdc1",66.4517014314209,0.838732059751857,0.23933897254214,3.50436893266174,0.000457690803041241,0.00432710730869441
"Aimp2",79.0237125782026,0.767554155673411,0.219675804935081,3.49403137910541,0.000475785092143173,0.00448188867754565
"Rbbp6",203.692602340763,0.410071826489849,0.117729515879436,3.48316922418839,0.000495515037082993,0.00462089972574384
"A930015D03Rik",5.97718371583688,2.06423344755272,0.593262387823613,3.47946117926905,0.000502423155427284,0.00467461475714189
"Gm18752",3.07470650617097,3.07903885025832,0.884957521718123,3.47930694377335,0.000502712433333962,0.00467461475714189
"Timm10",153.835535530319,0.641039537306447,0.184826330496596,3.46833449316495,0.000523694999149611,0.00484548239255853
"Igsf9",5.71822716961941,1.9556790949321,0.56395240071468,3.46780879459637,0.000524720495044734,0.00485152019903123
"Gm11427",50.7043853816252,1.04956382983488,0.302769507855864,3.46654402970636,0.000527195382126975,0.00487094085659788
"Eif4a3",310.469752931988,0.70135966832731,0.202622730316936,3.46140666069531,0.000537360423413473,0.00494029805525503
"Rangap1",207.992911764803,0.466719525623921,0.134832472843411,3.46147716333846,0.000537219696099538,0.00494029805525503
"9130230N09Rik",11.0153970568064,1.51163874898157,0.439044884325551,3.44301642713297,0.000575264369906542,0.00526644207467573
"Ciart",19.0110609535611,1.46712567540128,0.426349813795158,3.44113126810503,0.000579287424763517,0.00529209979546951
"Suco",50.9129633426251,0.784112717650981,0.228023069713076,3.43874292472967,0.000584421926801979,0.00532405101244184
"Eif3b",372.34274893714,0.476243581825004,0.138555479336707,3.4372049673162,0.000587750646473559,0.00534688682515702
"Sf3b3",155.79472122388,0.580501802951148,0.168879489817679,3.43737302604273,0.000587386046934958,0.00534688682515702
"Bag5",83.3236637525352,0.742676410553486,0.216656071703314,3.4279049034476,0.000608258488668906,0.00551033055647201
"Trmt61a",43.4924272757985,1.29714558910682,0.380731989709664,3.40697820032404,0.00065686373121437,0.00588952404247243
"Dkc1",48.9084648321232,0.987017462522163,0.290003167404175,3.40347131845827,0.000665353984303163,0.00594885909402052
"Gzmb",16.0566561780668,2.58326284618536,0.761291392195716,3.3932642253247,0.000690649846836634,0.00614126032638262
"Mcm6",126.299545997186,0.555197647709741,0.163701616592554,3.39152208308122,0.000695055617205733,0.00617199899264804
"Cd82",313.571726848136,0.888034549942763,0.261902374177392,3.39070828484082,0.000697122600740724,0.00618613090930155
"Sh3d21",4.49098812874977,2.15045389818044,0.636072802736437,3.3808298184249,0.000722672866375734,0.0063867196458437
"Eno2",38.3102293962408,1.00637402210781,0.298588402584126,3.37043908403064,0.000750484966988617,0.0065788806843362
"Cnot6l",120.006579157943,0.579861894278019,0.172322242524982,3.36498577189741,0.000765476062567029,0.0066832738912312
"Isg20l2",78.3659851193928,0.650169791044816,0.194253509558137,3.34701696007315,0.000816862125264553,0.00706553150769054
"Nmd3",125.3791690574,0.939122386656477,0.280567043050942,3.34722986864128,0.000816234960564244,0.00706553150769054
"Hspd1",330.127111426458,0.543921360596746,0.163312561213898,3.33055434654746,0.000866732426267945,0.00741797508771033
"Snai1",8.58585067780726,1.55587437551417,0.467207351557667,3.33015816280908,0.000867966660115588,0.00742365435992352
"Plxdc1",19.8572333330649,2.21621278814108,0.665859570619969,3.32834862774085,0.00087362466400927,0.0074622345726176
"Perm1",2.60036272314516,3.33540117645544,1.00343165283119,3.32399438172453,0.000887379836045484,0.00755492427167258
"Zfp628",59.9466998044309,0.750783462851208,0.225904639776441,3.3234530445864,0.000889103895003323,0.0075597075621557
"Ptger4",112.728250912818,0.960590569886923,0.289801180436637,3.31465375137403,0.000917567034854394,0.0077712432007948
"Tmco4",45.7708552003882,0.763751814936678,0.23098931744758,3.30643781875324,0.000944903198808593,0.00797679799695068
"Nop16",83.8349242573785,0.70657570279942,0.214293677982163,3.2972307417218,0.000976432475246879,0.0082056912600043
"Ddx21",131.169613109399,0.926559228274033,0.281095117390653,3.29624803474029,0.00097985464485147,0.00821852293673293
"Usp6nl",48.539428169229,0.874023619517913,0.265364659977418,3.29366999958582,0.000988885226103114,0.00827825476600735
"Ndrg3",154.818246155777,0.536432547462673,0.163062209809893,3.2897416764318,0.00100279399149047,0.00837992039237881
"Taf5l",104.889039452525,0.675120430396327,0.206399812101323,3.27093529554623,0.00107192433011021,0.00885649221759426
"Phlda2",2.23882135711687,4.76225564927791,1.45824277362902,3.26574952771852,0.00109174770184735,0.00897758903497608
"Ehd3",33.586503872339,1.09266523137309,0.336180958923558,3.25022938500673,0.00115311956527998,0.00940497330703906
"Rnf157",57.1193759110305,0.69570380700859,0.214805182037792,3.23876640409072,0.00120047850406363,0.0097423735866274
"Gng4",4.37747221055113,2.23522731987844,0.691320071843873,3.23327415319607,0.00122380058006194,0.00991308950562005
"Ap1s3",44.1387906982597,1.03454983985679,0.32021662616562,3.23078115038819,0.00123452424453445,0.00999373111210244
"Ildr1",10.403710485022,1.49017337794065,0.46137938239357,3.22982221314235,0.00123867217765486,0.010021073606413
"Nkapd1",51.2877097532067,0.705515538323781,0.218583219136431,3.22767475523099,0.00124800784372179,0.0100651065689362
"Zmynd19",14.7773748075142,1.33919250332611,0.415720639602531,3.22137602936073,0.00127576641947327,0.010251047159313
"Ctps",37.16225502976,1.02159379075692,0.317195063008825,3.22071151129013,0.00127872795948341,0.0102685012499504
"Ipo5",245.420337803401,0.596329784886667,0.185672087089157,3.2117363155417,0.00131935410764437,0.0105648050853031
"Golt1b",55.1370944109198,0.767316160830946,0.239000038565346,3.21052735153074,0.00132491658997406,0.0105936324025646
"Adamts6",19.3274732286405,1.42751940909599,0.447873099895683,3.1873300928957,0.00143592795194091,0.011321204076848
"2010007H06Rik",14.9695575926223,1.3321338471711,0.418276679951206,3.18481500648446,0.00144846570520531,0.0113993287108384
"Zbtb46",22.876173728107,0.941325977664431,0.296128462502191,3.17877575735384,0.00147898461709882,0.0116044094594925
"Rab5c",524.978429805458,0.682526592223842,0.214935930027754,3.17548858460151,0.00149584406918842,0.0117202367004967
"Gm45193",3.85279218351058,2.81924683638662,0.88893313008679,3.17149484136267,0.00151656561614794,0.0118421381155273
"Prmt5",92.0968575805363,0.64523587025608,0.20376328680998,3.16659531929221,0.0015423478920241,0.0120218117000249
"Polm",22.4167750502119,1.09638726055669,0.346943039869953,3.1601362026679,0.00157695401660476,0.0122768371047345
"B2m",8686.52715666371,2.40362650286623,0.76110993010267,3.1580543201453,0.00158825959939622,0.0123426936251765
"Sh3bp4",12.7428617067453,1.08920904365196,0.346026783490631,3.1477593516441,0.00164527081037286,0.0127098147102972
"Cblb",87.3607607585463,0.788338298562266,0.250495733498645,3.147112677536,0.00164891405454311,0.0127183560799432
"Rps17",2198.36950415252,0.576032195365303,0.183128878663168,3.14550167931082,0.00165802243082502,0.0127779702622054
"Heatr1",108.436473920724,0.683685376080306,0.217453686124584,3.14405052526269,0.00166626667659633,0.0128339036091425
"Eeig1",110.228280769741,0.720668504954984,0.229398678993851,3.14155472959067,0.00168053396849799,0.0129208430237531
"Wsb1",127.879455897858,0.673441956438632,0.214721081614753,3.13635694909038,0.00171060865142793,0.0131208685358772
"Il12rb1",11.8783423781794,2.11700502893256,0.676038902079655,3.13148403504614,0.00173925242102279,0.01328592762483
"Aoc2",15.3097693876123,1.45553210574051,0.465636080324254,3.12590060617065,0.00177261452369734,0.0134853463969466
"Rere",192.441830215587,0.926572743766334,0.297191428031539,3.11776402806612,0.00182228641743308,0.0138147575783141
"Apol10b",3.92025218974589,2.04407845622678,0.656531890459606,3.11344884525841,0.00184914562362135,0.0139848810032977
"Apex1",113.935490270227,0.66127369280604,0.212564819238707,3.11092726997048,0.00186500867821434,0.0140893715998202
"Smim40",6.29956879249522,1.81021490420792,0.582092559740422,3.10984030617943,0.00187188517267134,0.0141249154357781
"Gm43196",3.22586655123486,2.39173401451965,0.770582284896226,3.10380093261779,0.00191051830221613,0.0143913911948637
"Prex1",536.731799453589,0.504409158332478,0.162686251697227,3.10050267352172,0.00193192469729889,0.0145106283990539
"Utp4",58.5431015090977,0.77868058259684,0.251585222447027,3.09509666356018,0.00196748764466311,0.0147251654836955
"Als2",73.2892872962232,0.671737657819881,0.217559509731243,3.08760420838279,0.0020177701252978,0.0150031313578427
"Noc2l",249.44696660482,0.644480246147423,0.208853033920664,3.08580744099815,0.00203000239848617,0.0150818396355834
"Usp38",133.547775820099,0.57878351939368,0.18810672466629,3.07688903956235,0.00209173148934205,0.0154697754092386
"BC051226",27.8406003912841,1.39804621472495,0.456208080844089,3.06449243980563,0.00218039685179717,0.016052508571041
"Thap2",43.3228142338148,0.948152647092892,0.310118841361049,3.05738484940689,0.00223277409113432,0.0163640327614458
"Fth1",77824.3567526761,0.4530102079012,0.148438414112497,3.05183944876882,0.00227443718843187,0.0166132248087087
"Pus7",29.9616023953955,1.17796962116622,0.386353952872945,3.04893896492267,0.00229651133858141,0.0167127126315031
"Cox18",65.7618678012063,0.810593675250375,0.266000272358312,3.04734152361497,0.00230875230830875,0.0167510088002167
"Iars",218.335498520849,0.599089549407794,0.197178486058686,3.0383109302781,0.00237908342570999,0.0171560400693244
"Aen",13.165363127951,1.09638558870327,0.363595976428763,3.01539527326997,0.00256644551251919,0.0183343710446799
"Nup153",21.7598551726379,0.890019979934891,0.295222227336701,3.01474583388948,0.00257194686004644,0.0183535143732003
"Eomes",17.4172434524211,1.74674747842509,0.580386470754282,3.00962818129613,0.00261567681380925,0.0185941746835216
"Jup",76.2250657537028,0.954375349802192,0.317590722916947,3.00504794673039,0.00265538987195313,0.0187868790971516
"Ftsj3",115.221820047517,0.692085094532826,0.23041559532231,3.00363824577378,0.00266772317866285,0.0188508478170695
"Apobec1",239.350199280955,0.77264718859585,0.257251666844273,3.00346815270033,0.00266921483706836,0.0188511486511522
"Itgb8",2.74226891133362,4.39109181051735,1.46434429294922,2.99867444538851,0.00271156876654308,0.019098428848922
"Rrp15",71.2076358045432,0.789240098717929,0.263268223707093,2.99785552393904,0.00271886530885791,0.0191206359833875
"Ifi214",5.33833256522477,2.34544200108065,0.783498474356499,2.99355018273265,0.00275752156719393,0.0193696533842472
"Nop14",142.214258909528,0.704204819915855,0.235340559561368,2.99227987401901,0.0027690228000026,0.0194294593339988
"Noc3l",32.9294837507767,0.848428985436626,0.283580911095709,2.99184096051613,0.00277300684766219,0.0194469251111792
"Ddx39b",448.277825522691,0.458064391189743,0.153152845419284,2.9908970344998,0.00278159267185318,0.0194966266530916
"Utp20",64.7213455664914,0.754806016411037,0.253246560514401,2.98051833311321,0.00287761012934468,0.0200722949987373
"Kif9",6.47891722891838,1.85384054664032,0.623281581282814,2.97432268546235,0.00293636106711472,0.0203946188585667
"Slc25a1",152.224420057602,0.707144956375466,0.238100586870645,2.96994209745331,0.00297855884984018,0.0206304727810409
"Wdr4",57.1431418986205,0.80613055360853,0.271530435977088,2.96884049372849,0.00298925719464277,0.0206737091148898
"9930111J21Rik2",4.67853959335129,2.29191392063349,0.772241469922269,2.9678721098262,0.00299869070222414,0.0206949428887182
"Slc9a8",83.9176179516649,0.666654498890654,0.224611444806435,2.96803441812665,0.00299710768449083,0.0206949428887182
"Prkcq",64.3065441392089,0.725598340218616,0.244619378705066,2.96623409011868,0.00301470930573952,0.0207834411014125
"Huwe1",121.035901651096,0.463903738404584,0.156773339194777,2.95907289330761,0.00308566103725689,0.0211716057139636
"Slc41a1",60.8506872833051,0.896913684203109,0.303757905331963,2.9527254055262,0.00314982014998536,0.0215097167092701
"Nsun2",174.893224176711,0.609322521036961,0.206546189358668,2.95005452741068,0.00317717851004681,0.0216397461974864
"Slc35b2",106.355562798333,0.69365580658769,0.235332636702631,2.94755464565758,0.00320298136434136,0.0217698978937914
"Arhgap8",4.60048848601254,2.49080427731128,0.846954289558241,2.94089575791681,0.00327264646882004,0.0221854392458988
"Nifk",92.1089990082438,0.872240233323802,0.298306555633324,2.92397272822912,0.00345595023588033,0.0231983780281565
"Pum3",144.949141413615,0.524848279317328,0.179738552611488,2.92006512621591,0.00349958243138162,0.0234428773686115
"Kat2a",38.7949362113291,1.06862846302233,0.366076520190273,2.91913958990567,0.0035099901043096,0.0234884060015245
"Rnd2",17.6238513244849,1.85586234707068,0.636126169122666,2.91744379834311,0.00352913241781174,0.0235922320777558
"Cds1",30.2143084109137,1.69327377345848,0.581597135703921,2.91142041373548,0.0035978955225742,0.0239902731179743
"Rhof",83.2266351009615,0.647120872237871,0.222743021815514,2.90523522112332,0.00366977196845224,0.0243773015873239
"Ube2n",10.6617846162865,1.55933929451252,0.537082739599615,2.90335022807655,0.00369193511943584,0.0244792986588893
"Kcnab1",3.13416268623853,3.51673068292942,1.21434018040054,2.89600125211162,0.00377950892035771,0.0249835526142954
"Psmb7",191.601582252127,0.593844189951633,0.205582118805493,2.88859845108166,0.00386962872742496,0.0254499495020583
"Dhx33",75.9659507107942,0.720178380901129,0.250104385389917,2.87951120800364,0.00398292140590084,0.0260240203763757
"Med11",150.539574969961,0.515016642077935,0.178940379817292,2.87814657934556,0.0040001922356818,0.0260917228882769
"Nudt17",24.6902473042514,1.93355542084253,0.671860770750963,2.87791087829302,0.00400318216054521,0.0260917228882769
"Fnbp1",207.103271807079,0.482813175620236,0.167805493314996,2.87721913080594,0.00401196886393841,0.0261350540565723
"Fabp4",334.045318576683,1.2835654308763,0.447382702348959,2.86905466871429,0.00411700632917993,0.026752315352798
"Sct",2.86763636286037,4.67306364289852,1.6296671859049,2.86749569686139,0.00413734430628031,0.0268576407586829
"Ms4a6b",133.572807143311,0.794207413397913,0.277057499007583,2.86657973973907,0.00414933613903811,0.0269086310233035
"Cnot4",60.8756092492101,0.579344613366259,0.202283856815652,2.86401803132632,0.00418304198964092,0.0270597678981794
"Eprs",279.927159863662,0.676424765907693,0.236337086302448,2.86211858024708,0.00420819430326335,0.0271819263610491
"Sh3gl1",131.953917663641,0.623846267367462,0.218070375680967,2.86075660400631,0.00422631380311593,0.0272448544423861
"Zfpm1",133.171589683903,0.660490295707604,0.231254093992016,2.85612368761095,0.00428848034023238,0.0275772816342476
"Emc8",146.893332936234,0.456791608097653,0.160392379969664,2.84796327720836,0.00440000014212026,0.0281552394731148
"Pwp2",50.8284476733165,0.894016564135914,0.314854357604076,2.83946066663662,0.00451898659270373,0.028789175604546
"Icam5",2.4380416827502,2.58248835696276,0.910818149177671,2.83535012921554,0.00457754870698605,0.0290910264431761
"Nop56",102.260291478754,0.946283412088531,0.334126917477218,2.8321076889983,0.00462422719612454,0.029358990529226
"Gnl2",152.019953887526,0.507583830372644,0.179251534813361,2.83168470998671,0.00463034812105277,0.0293835115642807
"Hivep2",59.0222559907095,0.79468723152186,0.28189096125621,2.81912987908672,0.00481540294387668,0.0303457813967487
"Ranbp2",35.2243146294878,0.919692490356234,0.326491986743531,2.8168914634915,0.00484909094067227,0.0304829108279025
"Psmg4",157.701799315554,0.621684897342623,0.221262468945147,2.80971689553344,0.00495850956305004,0.0310270567127071
"Gtf2f2",122.608649103339,0.462410017497691,0.164690297589698,2.80775506672359,0.00498881548780012,0.0311866894189292
"Rab22a",54.6154070496384,0.604216635228337,0.215283251369827,2.80661236479737,0.00500654480596029,0.0312674706580593
"Hsd17b11",175.586483234494,0.563604356001981,0.200928375635242,2.8050013056649,0.00503163759411215,0.0313789901542689
"Dgkh",10.5038866183045,1.25883411992521,0.449293380341679,2.80180874013297,0.00508169907228731,0.031630537431285
"D030028A08Rik",7.50133212187772,1.4111798613604,0.504386007216137,2.79781722960385,0.00514492167209751,0.0318563950653577
"Gtpbp4",56.2941347595496,1.23610966427455,0.442491822091386,2.79351979530881,0.00521378378381858,0.0322031199569652
"Plin2",995.854467963641,0.660032217747238,0.236478240213433,2.79109070310878,0.0052530749180888,0.0323566532241558
"Pcna",476.634976573167,0.556167364377799,0.199314551968359,2.79040019348958,0.00526429279442274,0.0323950733030489
"Mtmr12",86.4956536084465,0.612713956827339,0.220027616787699,2.78471387261599,0.00535749760961315,0.0329219113856672
"Nfatc1",114.073612465541,0.469970227096664,0.168806999750676,2.78406836085469,0.00536817186976062,0.0329719300536902
"Slc23a1",6.06086855766872,1.44835288177735,0.520413715675521,2.78307976548489,0.00538455663176523,0.0330569595198839
"Islr2",2.33636166831167,3.05132505566092,1.10207043908755,2.76872053494805,0.00562768843353745,0.0342425625967674
"Ccnd1",27.1752607829193,1.30483175016427,0.471385737484159,2.76807643168907,0.00563882298184324,0.0342942721696114
"H2-K2",137.601127164166,0.710175683906756,0.256831817499102,2.76513903464955,0.00568985386351467,0.0345561666248657
"Lamp2",980.745622485892,0.494347836427412,0.178828586346106,2.76436696463421,0.00570333585023186,0.0345896019000775
"Dpp4",8.4297042235194,1.33789064493355,0.484588230147158,2.76088142819165,0.00576456007982834,0.0347930343400151
"Kti12",63.3316774269878,0.56666096536477,0.205264980961796,2.76063146626183,0.00576897340851814,0.0347930343400151
"Gm4459",7.24493955960183,3.04933686186645,1.10633294210177,2.75625604718363,0.00584672084064601,0.0351478703400943
"Myo1d",29.8746721409031,0.983110493701164,0.356709993265043,2.7560497666537,0.0058504094749199,0.0351537999349806
"Ing5",32.4021556921672,0.626256861331612,0.227245277417135,2.75586304124616,0.0058537502402968,0.0351576347534723
"Ruvbl1",60.4269242149772,0.55229928381262,0.200868549490208,2.74955579265306,0.00596761026084318,0.0357095868828468
"Carhsp1",55.1635388995224,0.84989662495664,0.309514958760783,2.74589838358509,0.00603454516005372,0.0360107330216233
"Nup50",119.656256098572,0.481866824577802,0.175665856448641,2.7430875545168,0.00608644546833578,0.0363037914248419
"Yars",80.4289691477824,0.641968308176432,0.234615327668073,2.73625902688109,0.00621420895235259,0.0368467522139046
"Supt6",136.955796346011,0.584240092358549,0.213554876266188,2.73578436874612,0.00622317904650035,0.0368658179489632
"Cd80",83.5083175659633,0.815086173098295,0.298211864896634,2.73324528311716,0.00627136097519287,0.0371005615853952
"Abcb1b",23.0202933297363,1.14056146240467,0.418942312578545,2.72247855649775,0.00647942383005332,0.0381233942130998
"Ddx6",387.55659152332,0.316163323566954,0.116169793088721,2.72156225091572,0.00649741464319097,0.0381774467449283
"Cbln1",2.58407359696027,2.80388052481954,1.03042917381464,2.72108029942475,0.00650689533638993,0.0382158922939488
"Mrpl17",184.655946010643,0.497279070738059,0.182868027018229,2.71933305590095,0.00654137059664092,0.0383664067140224
"B230398E01Rik",3.02453844648682,2.2629883150252,0.832675605770731,2.71773100994182,0.00657312520752687,0.0385008866167569
"Pelp1",95.6948137149272,0.510084297645196,0.187687741021474,2.71772836557735,0.0065731777366298,0.0385008866167569
"Slc39a6",51.3429922959948,0.54776388908538,0.202735019417682,2.70187109587049,0.00689504883284447,0.0401152460941296
"Rundc3b",4.76887997632439,1.99484314230416,0.739302433501454,2.69827752744742,0.00696993074479091,0.0404604324225725
"Lsm2",52.0027734376838,0.576067090794688,0.213520069861742,2.69795289579898,0.00697673118248898,0.0404637966798926
"Chka",67.0413505834967,0.469003529236256,0.173956599595109,2.69609506237694,0.00701576415112479,0.0405816255411216
"Smyd5",50.6975614251151,0.532387624930307,0.197572169907989,2.69464887275492,0.00704628413570642,0.0407038678158991
"Gm21188",91.3989868991626,1.24157587753321,0.460797155585201,2.69440872732046,0.00705136362463564,0.0407151306670595
"Cpne3",43.4797672719624,1.04636567190795,0.389900585057669,2.68367299770322,0.00728182905261141,0.0418226113444321
"Dok1",198.356973726827,0.465753348404978,0.174091435830802,2.67533750975344,0.00746540522156709,0.042688991880161
"Capn5",40.6920411747282,1.48524255174012,0.55754658125227,2.66388962228808,0.00772429031232034,0.0439760580625713
"Net1",112.034398944899,1.41577780268445,0.532881495104542,2.65683424117908,0.0078878215995621,0.044672473308099
"Poglut1",76.2897681618076,0.74850176968407,0.281938438587304,2.65484115409929,0.0079345762031466,0.0448786529681453
"Myo19",18.6569635604837,0.939673799947642,0.354351783531818,2.65181055555,0.00800614486774671,0.0451852228132395
"Mtf1",62.2594078366116,0.575980801339514,0.217256789860521,2.65115213066203,0.00802177002952207,0.045253775504793
"Gmeb2",84.8168108354995,0.383150198890768,0.144847522828548,2.64519676559669,0.0081643426322691,0.0459242145828045
"Pstpip1",128.794729671933,0.47112337693646,0.178314040226117,2.64209916582584,0.00823939278412605,0.046254096256726
"Gns",1271.980750013,0.632381831149974,0.23945779635966,2.64089054841276,0.00826884278154775,0.0463861042454311
"Snhg16",32.6274871948992,1.09739616927814,0.415901362432695,2.63859719732399,0.00832498316956524,0.0466206224937039
"Snrpb",589.912645357157,0.380259538912261,0.14434669233829,2.63434882193967,0.00842988343898304,0.0471269246487883
"Emc6",247.689664532967,0.318517650418562,0.120967353223249,2.63308770450427,0.00846124950335983,0.0472819565245739
"Psph",98.3182129721921,0.412394864450872,0.156647015105326,2.63263787167337,0.00847246281367603,0.0473242888549212
"5830468F06Rik",16.4278318184427,1.05066297602436,0.399308480062532,2.63120626904749,0.0085082379120197,0.047503719741401
"Ahnak",433.22215587637,0.52418349885438,0.199387248217307,2.6289720307644,0.00856434044967019,0.0477350063880718
"Esf1",27.0434161674324,1.41450652913465,0.538034131749863,2.62902750153454,0.00856294356435846,0.0477350063880718
"Lmnb1",52.5337632252462,0.745111845367992,0.283741537183,2.62602315038362,0.00863889416208132,0.0480270829720153
"Zswim8",259.698085948693,0.383395054963996,0.145992163657527,2.6261344811861,0.00863606898894781,0.0480270829720153
"Nadk",499.423927754437,0.494693800908064,0.188732543192507,2.62113672893962,0.00876371059908377,0.0485549877272065
"Taf4b",5.93294883952267,1.59483387631019,0.608889321447985,2.61925085583296,0.00881231178542433,0.0487827080921639
"Slc38a2",549.684511634103,0.354956982711724,0.135640249113502,2.61690010916082,0.00887323039285531,0.0490792099877387
"Chil1",65.0010939608739,1.9241452909653,0.735495732801493,2.61612026440488,0.00889352268031489,0.0491327743803014
"Med15",186.418332220046,0.477151746818515,0.182374520033333,2.6163290065482,0.00888808695636814,0.0491327743803014
"Tfrc",14.4740672097488,1.34512622912359,0.51435750496921,2.61515816553334,0.00891861449898644,0.0492454397357023
"Pus1",35.2358419430176,0.912654361114264,0.349013169133501,2.61495680343559,0.00892387407597093,0.0492535756700491
"Jade2",99.3697021120901,0.720246248951197,0.275940619017808,2.61014942821707,0.00905026806014121,0.0497611737930588
"Gm2065",2.9482972742089,2.52046257763399,0.966500406132836,2.60782360942699,0.00911198954296821,0.0499948848437256
