"","T_PimedMoDC_1","T_PimedMoDC_4","T_PimedMoDC_2","T_PimedMoDC_3","T_PimedCD11c_2","T_PimedCD11c_3","T_PimedCD11c_1","T_PimedCD11c_4","T_PCD11_LCD11_3","T_PCD11_LCD11_4","T_PCD11_LCD11_1","T_PCD11_LCD11_2","T_PCD11_LMoDC_3","T_PCD11_LMoDC_2","T_PCD11_LMoDC_1","T_PCD11_LMoDC_4"
"Rara",-0.25,-0.6,-1.26,-0.53,0.68,-0.16,0.03,1.58,-1.26,-0.6,-1.08,-0.4,0.67,0.71,0.14,2.33
"Gfi1",-0.62,-1.55,-0.37,-0.98,0.98,0.82,0.34,0.27,-0.45,-0.65,-0.04,-0.56,2.86,0.19,0.09,-0.32
"Patz1",-1.43,-0.61,-1.21,-1.8,1.41,0.06,-0.04,1.05,-1.03,0.72,0.17,0.55,0.94,0.87,0.94,-0.59
"Cenps",-1.86,-0.46,-1.16,-1.25,0.75,0.94,0.65,0.77,-0.64,0.55,-1.2,0.41,1.15,-0.61,1.01,0.96
"Arid3a",-1.52,-1.18,-0.41,-0.93,0.88,0.6,-0.24,0.31,1.14,0.62,-0.17,1.89,-1.49,0.61,-0.79,0.68
"Klf5",-0.77,-1.42,-1.21,-1.26,0.18,0.74,0.71,0.66,0.88,0.39,1.04,1.83,-0.99,-0.05,-1.13,0.41
"Pparg",-1.07,-1.19,-0.44,-1.12,1.01,0.25,0.27,0.31,1.4,0.83,0.9,1.51,-0.5,-1.34,-1.3,0.48
"Ikzf2",-1.52,-1.5,-1.05,-0.84,0.72,-0.01,0.17,0.44,0.69,1.28,0.79,1.33,-0.63,1.06,0.39,-1.31
"Zfp704",-0.86,-1.5,-1.59,-1.06,-0.02,-0.49,-0.28,-0.15,1.26,1.31,1.56,1.05,-0.32,1.02,0.16,-0.08
"Tal1",-1.31,-1.48,-0.95,-0.98,1.13,0.27,-0.05,0.16,1.46,0.13,0.42,1.86,0.47,0.6,-0.95,-0.77
"E2f1",-1.9,-1.57,-0.83,-1.03,1.14,0.71,-0.33,-0.5,0.49,0.52,0.73,1.64,0.49,0.54,0.56,-0.66
"Cebpe",-2.15,-1.52,-0.98,-1.57,0.65,0.51,-0.06,0.19,0.85,0.17,0.51,1.06,0.59,1.07,0.21,0.48
"Gata2",-1.46,-1.86,-1.04,-1.33,0.8,0.5,0.08,-0.59,1.26,-0.23,0.47,1.28,0.43,1.24,0.28,0.16
"Nfe2",-1.45,-1.73,-1.41,-1.38,0.59,0.34,-0.14,-0.42,1,0.23,0.82,1.29,1,0.83,-0.11,0.54
"Ybx3",-1.28,-1.16,-1.46,-1.96,1.14,0.78,0.23,0.35,0.49,0.73,-0.04,-0.13,1.51,0.84,-0.32,0.28
"Lin28a",-1.24,-1.23,-0.66,-1.67,1.91,1.21,0.39,0.67,0.61,0.46,-0.61,0.23,0.56,0.39,-1.22,0.22
"E2f8",-1.15,-0.8,-0.84,-1.55,1.87,1.47,1,0.59,0.86,0.1,0.51,0.39,-0.94,-0.29,-0.79,-0.42
"Dach1",-1.14,-0.91,-0.93,-1.58,1.1,1.39,0.84,1.06,0.64,1.16,-0.51,0.91,-0.9,-0.09,-0.9,-0.15
"Xbp1",-1.23,-0.75,-0.67,-1.28,1.31,1.68,0.6,0.91,1.19,-0.16,0.98,-0.32,0.12,-1.04,-1.23,-0.08
"Tfdp1",-1.57,-0.85,-1.21,-0.9,1.71,1.13,1.25,1.08,0.37,-0.41,-0.06,-0.03,1.13,-0.25,-0.81,-0.56
"Hlf",-1.15,-0.52,-1.04,-1.18,1.49,2.27,0.55,0.24,-0.36,0.01,0.16,0.97,0.65,-0.35,-0.81,-0.93
"Ltf",-1.64,-0.36,-0.33,-0.51,1.81,0.86,1.04,0.28,0.23,-1.41,0.37,0.98,0.08,0.76,-0.53,-1.62
"Myb",-1.32,-2.09,-0.83,-1,1.4,1.1,0.62,0.04,0.29,-0.56,0.14,0.02,0.8,1.37,0.62,-0.58
"Erg",-1.47,-1.62,-0.4,-1.52,1.43,1.44,0.24,-0.67,0.6,-0.02,-0.52,0.07,1.06,1.14,-0.01,0.25
"Cebpa",-1.19,-1.34,-0.54,-1.18,1.82,1.49,0.85,-0.58,0.15,-0.58,0.34,1.13,0.33,0.04,0.46,-1.19
"Hoxa9",-1.46,-1.94,-0.17,-1.22,1.76,1.55,0.12,-0.38,0.66,0.28,0.62,-0.08,0.78,-0.3,0.27,-0.49
"Ahctf1",-0.64,-0.5,-0.65,-0.46,-0.13,0.21,0.13,0.45,1.84,1.45,1.36,0.58,-1.86,-1.49,-0.32,0.01
"Deaf1",-1.2,-0.66,0.23,-0.1,-0.67,-0.78,-0.78,0.21,1.35,0.93,0.87,1.88,-1.7,-0.69,0.13,0.99
"Foxd2",0.45,0.02,-0.1,0.03,0.33,0.14,-0.96,-0.99,1.28,0.77,1.69,1.54,-1.37,-0.82,-1.62,-0.38
"Tshz1",-0.15,-0.37,-0.08,-1.02,0.01,0.16,-0.68,0.13,1.14,1.22,1.56,1.89,-1.48,-1.19,-0.94,-0.21
"Kcmf1",-0.13,-0.86,0,0.18,-0.66,-0.62,-0.54,-1.23,1.97,1.26,1.27,1.31,-0.32,-0.92,-1.23,0.52
"Zfp180",-0.69,0.12,0.84,-0.41,-1.16,-0.19,-0.22,-0.31,1.9,2.01,1.17,0.27,-0.75,-0.76,-1.23,-0.6
"Klf7",-0.79,-0.72,-0.65,-1,-0.09,-0.73,-0.87,-0.08,1.43,0.14,-0.03,2.22,-0.63,1.21,-0.73,1.32
"Zeb2",-0.02,-0.87,-0.88,-0.83,-0.68,-0.84,-0.66,-0.59,1.64,1.05,0.52,2.13,-1.03,0.2,-0.19,1.04
"Zhx3",-1.25,-0.65,-0.73,-0.81,-0.68,-0.68,0.47,-0.96,1.48,0.62,0.49,1.52,0.14,-0.15,-0.81,1.98
"Pknox2",-1.15,-1.17,-0.57,-1.4,0.08,-0.5,0.54,-0.65,1.9,0.15,0.22,1.9,-0.72,0.29,0.02,1.06
"Eea1",0.03,-0.61,-0.49,0.02,-0.05,-1,0.19,-1.21,1.39,1.7,0.22,1.81,-1.66,0.64,-0.73,-0.26
"Lcor",-0.22,-0.28,-1.09,-0.63,-1.46,-0.65,0.48,-1.47,0.9,0.97,1.3,1.6,-0.32,1.12,-0.83,0.56
"Plagl2",-0.51,-0.46,-0.56,-0.34,-1.53,-1.13,-0.86,-1.15,0.93,1.34,0.44,1.78,-0.48,0.96,0.72,0.84
"Ppard",-0.63,-0.82,-0.83,-0.47,-0.79,-1.17,-1.08,-1.1,1.28,0.88,0.87,1.89,-0.36,0.73,0.73,0.86
"Maff",-0.4,-0.65,-0.07,-0.04,-1.08,-1.67,-0.31,-1.29,0.87,0.75,1.38,1.68,-0.96,1.15,0,0.64
"Nfe2l1",-0.19,-0.46,-0.39,-0.39,-1.24,-1.48,-1.04,-0.69,1.54,1.19,1.23,1.64,-0.82,0.46,0.12,0.52
"Zfp358",-1.35,-0.34,-0.41,-0.05,-1.56,-1.3,-0.64,-1.12,0.92,0.55,1.3,1.35,1.16,0.83,0.62,0.03
"Zfp703",-0.89,-0.58,-1.39,-0.62,-0.16,-1.04,-0.78,-0.88,1.16,0.58,0.71,2.3,1,0.66,0.22,-0.3
"Tbpl1",-0.69,-1.23,-0.86,-0.95,-0.74,-1.27,-0.39,-0.86,0.66,1.28,1.34,1.46,0.22,1.33,0.7,-0.01
"Tfe3",-0.3,-0.61,-1.06,-0.43,-0.72,-1.7,-0.91,-1.12,0.91,0.67,1.38,1.68,0.28,0.46,1.15,0.33
"Kmt2b",-0.17,-0.14,-0.72,-0.5,-0.51,-1.68,-1.64,-0.58,0.1,0.26,1.32,1.27,0.17,0.38,0.36,2.08
"Rarg",0.66,0.03,-1.01,-0.6,-0.13,-1.37,-2.36,-0.85,0.75,0.67,0.83,1.42,0.48,0.49,0.06,0.91
"Rela",-0.01,-0.19,-0.92,0.68,-1.02,-0.85,-1.7,-1.18,0.39,0.77,1.82,1.62,-0.26,-0.35,0.75,0.45
"Zbtb21",0.51,-0.68,-0.85,0.21,-1.11,-1.75,-1.37,-0.08,1.46,0.45,1.62,1.44,-0.14,-0.03,-0.18,0.5
"Ets2",0.34,-0.59,-0.11,-0.26,-1.36,-1.25,-1.2,-1.08,1.41,0.59,1.34,2.03,0.02,-0.1,-0.17,0.39
"Atf5",0.23,0.04,0.06,0.21,-1.41,-1.52,-1.29,-1.29,1.34,0.94,1.22,1.65,-0.05,-0.17,-0.4,0.44
"Nfya",-0.18,-0.78,-0.47,-1.32,-0.33,-1.28,-1.47,0.07,-0.02,1.26,-0.04,1.64,1.64,-0.25,0.39,1.15
"Snapc4",0.48,-0.74,-1.61,-1.25,0.33,-1.37,-1.15,-0.12,0.35,1.45,-0.18,1.34,0.27,-0.09,1.16,1.12
"Gm44505",-0.67,-0.79,-1.86,-1.17,-0.2,-1.18,-0.33,-0.09,1.04,0.71,0.11,1.91,0.52,0.4,0.24,1.35
"Zbtb43",-0.51,-0.26,-0.33,-0.81,-0.71,-0.38,-0.68,-1.35,1.14,1.29,0.6,0.98,0.46,-1.71,0.48,1.82
"E4f1",0.1,-0.48,-1.04,-1.01,-0.76,-1.71,-0.35,-0.54,-0.04,1.59,1.25,0.46,0.54,-0.27,0.28,2
"Nfxl1",-0.41,-0.12,-0.6,0.68,-1.13,-0.73,-0.89,-1.23,1.94,1.34,1.51,-0.7,1.07,-0.51,-0.37,0.18
"Ahrr",-0.08,-0.14,-0.48,0.86,-1.48,-1.34,-0.75,-1.76,1.76,0.91,0.48,0.55,1.27,0.14,0.41,-0.35
"Zbtb39",-0.74,-0.31,-0.76,0.89,-0.96,-0.62,-1.34,-2.04,0.72,1.4,0.73,0.93,0.83,1.07,0.16,0.04
"Zc3h8",-1.22,-0.51,-0.91,-0.43,-0.14,-0.07,-1.19,-1.04,0.36,1.41,1.93,0.78,0.32,0.52,1.29,-1.11
"Zbtb34",0.09,-0.3,-1.17,-1.15,0.1,-0.02,-1.12,-1.33,1.74,1.07,1.15,1.41,0.19,-0.33,0.71,-1.03
"Nfe2l2",0.38,-1.15,-0.37,-1.18,-0.5,-0.83,-1.25,-1.18,1.57,1.24,0.22,0.8,1.7,0.51,0.4,-0.37
"Zfand5",0.96,-1.1,-0.56,-0.48,-0.82,-1.5,-1.05,-0.66,0.66,0.96,1.79,1.17,1.25,-0.08,0.01,-0.56
"Gtf2ird2",0.61,-0.51,-0.28,-1.02,-0.8,-1.03,-1.7,-1.34,0.58,1.31,1.75,0.2,1.13,0.4,0.51,0.17
"Zbed5",0.04,-0.53,-0.87,-1.28,-0.63,-0.84,-0.96,-0.67,-0.04,1.04,2.51,0.34,1.48,0.4,0.05,-0.05
"Atf3",1.21,0.13,0.11,0.61,-1.67,-1.37,-1.15,-1.52,0.85,0.74,1.02,1.48,-0.11,-0.4,0.3,-0.23
"Zhx2",0.46,0.4,0.55,0.53,-2.66,-1.01,-1.17,-0.53,0.86,1.64,0.37,0.67,-0.43,-0.09,0.17,0.24
"Aebp2",0.18,0.56,-0.08,0.71,-2.11,-0.95,-1.15,-1.28,0.9,1.72,0.97,0.59,-0.57,-0.3,0.28,0.53
"Zfp768",0.52,0.34,0.22,-1.4,-1.36,-0.84,-1.16,-1.1,0.43,1.02,0.55,1.43,-1.16,0.26,1.14,1.12
"Ubp1",0.46,0.2,0.2,-0.1,-1.98,-1.36,-0.42,-1.68,0.51,0.34,1.55,1.48,-0.43,0.28,0.1,0.84
"Zfp598",-0.1,-0.05,0.11,0.07,-1.78,-1.18,-0.35,-1.44,0.8,1.19,1.3,1.03,-0.81,-0.81,0.8,1.21
"E430018J23Rik",-0.08,0.26,0.65,-0.56,-1.45,-0.88,-1.19,-1.51,0.39,0.59,0.2,-0.58,1.41,-0.13,1.98,0.91
"Irf4",-0.03,0.07,-0.47,0.25,-1.78,-0.88,-1.24,-0.9,0.03,1,1.13,-0.71,0.82,-0.09,2.09,0.75
"Nr2f6",0.63,0.01,-0.39,0.06,-2.15,-1.12,-1.59,-0.76,0,0.25,0.44,1,0.25,0.89,1.6,0.89
"Zfpm1",-0.2,-0.49,-0.86,-0.63,-1.26,-0.99,-1.06,-1.07,0.38,0.81,1.06,0.27,-0.33,1.15,1.3,1.91
"Tgif1",-0.05,-0.9,-1.01,-0.06,-1.68,-0.97,-0.91,-1.33,0.62,1.2,1,0.91,0.34,1.05,1.3,0.5
"Nfkb2",-0.15,-0.45,-0.75,-0.36,-1.76,-1.35,-1.3,-0.95,0.71,0.69,1.16,1.09,0.66,0.65,1.01,1.09
"Rfx1",-1.27,-0.27,-1.26,0.1,-0.55,-0.86,-0.08,-0.68,0.54,0.71,1.9,1.22,-0.88,-0.88,0.78,1.47
"Zfp521",-0.5,-1.38,-0.51,-0.44,-1.2,-1.17,0.23,-0.4,0.96,0.83,2.39,1.03,-0.69,0.07,0.07,0.69
"Prmt3",-1.02,-1.27,-0.4,-0.63,-0.19,-0.28,-0.9,-0.6,1.67,0.99,1.84,0.83,-1.27,-0.14,0.88,0.51
"Mbd6",-0.76,-0.59,-1.13,-0.66,-0.73,-0.88,-0.53,-0.94,0.89,0.7,2.28,1.47,-0.62,0.33,0.82,0.34
"Cxxc1",-0.57,-0.43,-0.59,-0.6,-0.63,-0.9,-1.23,-0.22,0.73,0.72,1.78,1.92,-1.46,0.14,0.61,0.74
"Dot1l",-0.73,-0.69,-0.91,-1.04,-0.8,-0.96,-0.32,-0.92,0.69,1.27,1.42,1.19,-0.76,-0.05,1.09,1.52
"Rxra",-0.37,-0.54,-0.81,-1.08,-0.84,-0.76,-0.55,-0.57,1.31,1.48,1.75,1.18,-1.01,-0.1,-0.27,1.17
"Zfp276",0.45,-0.97,-0.5,-0.97,-0.44,-0.58,-0.96,-1.6,0.37,1.03,1.58,1.83,-0.16,-0.41,0.16,1.18
"Usf2",-0.5,-1.17,-0.7,-0.47,-0.59,-0.83,-0.47,-1.2,-0.16,0.26,1.76,1.73,-0.5,0.43,0.68,1.71
"Zfp628",-0.05,-1.34,-1.34,-1.28,-0.27,-0.39,-0.77,-0.73,0.46,0.22,1.61,1.94,-0.09,0.17,1.06,0.8
"Safb",-0.06,-0.72,-1.1,-0.94,-1.3,-0.96,-1.2,-0.28,0.09,1.07,1.34,1.82,0.14,0.84,0.16,1.1
"Safb2",-1.01,-0.42,-0.54,-0.61,-1.14,-1.11,-0.91,-0.66,0.98,0.91,1.6,1.87,0.02,0.04,-0.23,1.21
"Jdp2",-0.75,-1.07,-1,-0.88,-0.34,-0.75,-1.03,-0.78,1.29,1.2,1.31,1.72,0.06,-0.1,-0.07,1.18
"Spen",-0.74,-0.67,-0.95,-1.17,-0.69,-1.08,-1.06,-0.61,1.14,0.55,1.88,1.53,0.7,0.09,0.35,0.72
"Zfp503",-0.72,-1.21,-0.95,-1.34,-0.92,-0.86,-0.67,-0.69,1.36,0.9,1.04,1.54,0.49,0.84,0.53,0.68
"Mafg",-0.79,-1.32,-1.08,-1.2,-0.56,-0.52,-0.71,-0.8,1.29,0.79,1.46,1.74,0.13,0.5,0.43,0.64
"Fosl1",-1.08,-1.07,-0.93,-1.27,-0.41,-0.66,-0.68,-0.77,1.08,0.81,1.56,1.83,0.34,0.29,0.09,0.86
"Atf4",-0.94,-1.01,-0.9,-0.86,-0.99,-0.76,-0.68,-0.79,1.4,1.1,1.54,1.61,0.2,0.07,0.17,0.84
"Cebpg",-1.13,-0.97,-0.95,-0.93,-0.67,-0.83,-1,-0.75,1.28,1.41,1.31,1.38,0.21,0.64,0.27,0.72
"Foxo4",-0.65,-0.94,-0.85,-1.23,-0.27,-0.29,-0.4,-0.51,-0.17,0.68,2.15,1.6,-1.15,1.09,0.09,0.85
"Ski",-0.42,-1.6,-1.25,-1.52,-0.53,-0.27,-0.54,0.24,0.73,-0.25,1.34,0.94,0.36,1.24,-0.11,1.66
"Dnmt1",-1.09,-1.29,-1.5,-1.51,0.27,-0.08,-0.02,0.02,1.14,-0.2,0.9,1.25,-0.82,1.31,0.52,1.08
"Mlx",-2.08,-1.03,0.14,-1.17,0.95,-0.34,-0.3,-0.93,0.75,0,1.28,1.29,-0.73,1.13,0.65,0.39
"Hsf1",-2.04,-0.76,-1.12,-0.39,-0.41,-0.21,0.24,-0.71,0.61,0.69,0.6,1.19,-0.84,0.47,0.63,2.05
"Zfp668",-1.4,-0.28,-1.06,-1.29,-0.7,-0.1,-0.11,-0.62,-0.16,-0.19,1.3,1.23,-0.65,1.3,1.1,1.62
"Ctcf",-1.05,-0.81,-1.25,-1.6,-0.3,-0.94,0.27,0.88,0.31,1.5,0.84,0.56,-0.47,0.68,-0.39,1.77
"Grhl1",-1.32,-1.11,-0.55,-0.82,-1.21,-0.29,0.05,0.43,1.28,2.45,0.18,-0.64,-0.11,0.39,0.29,1
"Foxk2",-2.2,-0.37,-0.81,-1.14,0.16,-0.21,-1.11,-0.58,0.42,1.52,1.29,0.86,0.8,0.23,0.29,0.86
"Atf1",-1.25,-1.09,-0.89,-2.34,-0.18,-0.02,-0.13,0.1,0.74,1.32,1.51,0.64,0.33,0.06,0.34,0.85
"Zfp428",-1.42,-0.6,-0.71,-1.82,-0.57,0.11,-0.96,0.26,1.21,1.67,0.72,0.8,0.41,-0.32,-0.13,1.34
"Zfp131",-0.57,-1.44,-1.33,-1.23,-1.01,-0.45,-0.59,-0.23,0.94,0.86,-0.13,0.9,1.08,1.69,0.58,0.95
"Gfi1b",-1.32,-0.96,-1.6,-1.75,-0.54,0.35,0.18,0.06,0.79,0.49,0.13,0.67,1.41,1.48,-0.22,0.83
"Setdb1",-0.7,-0.29,-1.13,-1.5,-0.36,-0.73,-0.85,-0.98,1.96,1.52,0.07,0.75,0.28,0.65,0.2,1.13
"Thap7",-0.66,-1.45,-0.16,-1.57,0.13,-1.21,-0.76,-0.23,0.83,0.54,-0.25,1.03,0.88,1.2,-0.17,1.86
"Cggbp1",-1.12,-1.67,-0.57,-0.69,-0.25,-1.4,0.31,0.23,1.1,-0.12,1.03,1.42,1.46,0.82,-0.88,0.36
"Srcap",-0.15,-0.77,-0.59,-1.08,-1.42,-2.16,-0.01,0.4,0.33,0.89,1.12,1.04,1.21,1.05,-0.27,0.43
"Zfp787",-1.15,-0.24,-0.37,-1.45,-0.87,-0.18,0.25,-1.7,0.24,1,1.9,0.4,1.11,1.24,-0.25,0.07
"Zbtb40",-1.64,-0.05,-0.31,-0.04,-1.78,-1.11,-0.42,-0.76,0.7,1.85,0.77,0.47,-0.19,1.01,0.5,1.01
"Batf",-0.88,-0.77,-1.05,-1.11,-1.05,-1.16,-0.75,-0.7,1.02,1.32,1.38,0.87,0.49,0.57,0.69,1.14
"Ddit3",-0.88,-1.02,-0.61,-0.92,-1.14,-1.1,-0.9,-0.79,1.18,1.15,1.46,1.29,0.55,0.3,0.52,0.92
"Arid5a",-0.4,-0.8,-0.4,-0.51,-1.41,-1.3,-0.88,-1.03,0.82,1.31,1.93,0.17,0.45,0.13,0.87,1.07
"Stat5a",-0.72,-0.95,-0.73,-0.88,-1.69,-0.95,-0.56,-0.51,1.09,1.28,1.49,0.52,0.53,0.01,0.74,1.35
"Gatad2a",-0.7,-1.34,-1.15,-1.29,-0.28,-0.2,-0.1,0.14,-0.63,-0.84,0.57,0.45,1.66,1.76,0.63,1.31
"Nfic",-1.93,-0.9,-1.47,-0.86,0.05,0.2,-0.11,-0.02,-0.62,-0.48,0.45,0.79,1.28,1.37,0.99,1.26
"Atf6b",-0.36,-1.35,-1.11,-1.47,-0.14,-0.42,0.08,-0.48,-0.25,-0.81,1.02,1.57,1.22,1.14,1.47,-0.13
"Glmp",-0.63,-1.39,-1.39,-1.07,-0.54,-0.66,-0.51,-0.39,0.38,-0.45,1.41,1,1.6,0.59,1.26,0.8
"Nr1h2",-0.68,-0.82,-0.98,-0.9,-0.97,-1.03,-0.65,-0.35,-0.45,-0.38,0.77,0.98,1.68,1.23,1.38,1.17
"Zfp771",-0.82,-1.6,-1.23,-1.06,-0.76,-0.21,-0.33,-0.19,-0.34,-0.33,0.81,1.24,1.36,1.27,0.97,1.25
"Fiz1",-0.3,-1.34,-1.51,-1.69,-0.78,-0.44,-0.14,0.35,-0.47,0.36,1.36,1.13,1.4,0.54,0.53,1
"Trp53",-0.84,-1.6,-1.27,-1.26,-0.25,-1.1,-0.68,0.02,0.19,0.71,0.84,0.93,1.24,1.02,1.08,0.97
"Cebpd",-0.82,-1.04,-0.95,-1.5,0.58,-0.79,0.19,-0.56,1,-0.35,0.46,0.78,2.24,1.2,0.11,-0.56
"Myc",-1.82,-1.16,-1.07,-1.08,0.07,-0.17,-0.76,-0.45,0.42,0.29,0.39,0.26,1.67,1.32,1.19,0.89
"Zfp764",-1.46,-1.47,-1.38,-1.12,0.12,-0.37,-0.68,-0.35,0.56,1.15,1.01,0.45,1.67,0.62,0.62,0.64
"Pa2g4",-1.21,-1.64,-1.33,-1.52,-0.17,0.37,0.07,0,0.01,-0.07,1.25,0.33,1.57,0.44,1.42,0.46
"Gata1",-1.9,-1.74,-0.91,-1.52,-0.06,0.07,0.16,-0.04,0.19,0.64,0.95,1.15,0.92,1.01,0.33,0.73
"Thap11",-0.71,-0.95,-0.66,-0.59,-1.51,-1.24,-1.23,0.16,1.06,0.29,1.51,0.25,1.21,0.26,0.91,1.24
"E2f6",-1.28,-1.23,-1.07,-0.6,-0.94,-0.07,-1.52,-0.28,0.81,0.7,1.27,0.34,1.4,0.57,1.19,0.71
"Tfeb",-1.54,-0.61,-1.25,-1.17,-0.67,-0.78,-0.18,0.46,0.94,0.23,1.04,0.1,2.23,0.3,0.96,-0.05
"Bcl6b",-0.62,-0.72,-1.49,-1.02,-0.8,-1.28,0.09,-0.51,0.78,0.65,1.83,0.04,1.58,0.7,0.92,-0.14
"Zfp335",-1.85,-0.78,-1.04,-1.19,-0.99,-0.34,-0.16,-0.62,1.09,0.84,0.98,1.07,0.51,0.17,1.24,1.07
"Mbd3",-0.99,-1.32,-1.16,-1.32,-1.11,-0.27,0.19,-0.82,1.01,0.57,1.22,1.23,1.15,-0.1,1.03,0.7
"Cenpt",-1.11,-1.28,-1.18,-1.34,-0.54,-0.38,-0.64,-0.72,1.37,0.52,0.55,1.22,1.42,0.48,1.01,0.63
"Msantd3",-0.94,-1.57,-0.23,-1.63,0.16,-0.19,-0.78,-0.7,1.11,-0.9,1.24,1.16,0.68,0.56,0.98,1.05
"Tfec",-1.07,-1.7,-0.37,-1.46,-0.08,-0.56,-0.7,-0.45,1.45,0.51,0.93,1.69,1.14,0.46,-0.06,0.27
"Spi1",-1.16,-1.4,-0.94,-1.37,-0.16,-0.65,-0.84,-0.34,0.72,0.36,0.38,1.5,1.46,1.19,0.25,1
"Cebpb",-1.07,-1.25,-0.72,-1.07,-0.24,-0.77,-1.01,-0.98,0.94,0.34,0.5,1.64,0.85,1.49,0.37,0.99
"Maz",-0.52,-0.71,-1.62,-1.1,-0.39,-0.4,-1.17,0.39,1.09,-0.48,1.41,1.11,1.58,-0.38,0.05,1.12
"Preb",-1.05,-0.79,-0.76,-0.94,-0.36,-0.57,-1.12,-0.47,0.24,0.25,0.19,0.64,2.71,0.05,1.17,0.79
"Zfp646",-0.99,-1.4,-0.61,-1.48,-0.36,0,-1.02,0.21,1.34,0.38,0.02,1.5,1.54,-0.46,1.21,0.11
"E2f4",-1.49,-1.31,-0.92,-1.09,0.03,1.3,-0.34,-0.51,-1.1,0.48,1.47,0.53,0.06,0.52,1.16,1.2
"Zfp553",-0.81,-0.35,-0.51,-1.15,-1.22,-0.81,-0.7,-0.25,-1.08,0.97,1.57,0.04,1.6,0.44,1.29,0.97
"Rxrb",-0.74,-0.43,-0.45,-1.01,-1.2,-0.23,-0.97,-0.98,-0.96,0.44,1.82,1.51,0.73,0.44,1.29,0.75
"Zbtb17",-0.61,-0.79,-0.65,-0.9,-1.72,-0.35,-1.4,-0.53,0.04,0.48,1.13,1.05,1.07,0.59,1.13,1.45
"Zbtb48",-0.54,-0.9,-0.71,-0.65,-1.36,-0.21,-1.63,-0.84,0.16,0.95,1.9,1.07,0.94,0.51,0.67,0.67
"Stat6",-1.53,-0.76,-0.47,0.03,-0.54,-0.66,-0.58,-0.58,0.18,-0.05,-1.21,0.64,1.48,0.62,1.91,1.53
"Zfta",-0.34,-0.9,-0.02,-1.22,-1.35,-0.55,0.38,-1.17,-0.06,0.39,-0.3,0.03,0.61,0.79,2.47,1.27
"Zbtb7b",-0.6,-0.4,-0.35,-0.92,-1.04,-1.07,-1.09,-1.44,1.09,-0.12,0.77,1.59,0.52,1.44,0.92,0.7
"Zbtb7a",-0.44,-0.92,-0.64,-1.23,-0.87,-1.64,-0.97,-0.36,0.45,0.75,0.66,1.46,0.42,1.55,0.75,1.02
"Thap4",-0.99,-1.19,-0.8,-0.58,-1.15,-0.62,-1.22,-0.84,0.95,0.32,0.94,1.32,0.53,1.41,0.96,0.93
"Fbxl19",-0.82,-0.98,-1.11,-0.84,-1.04,-1.08,-0.7,-1.06,1.17,0.9,0.47,1.04,0.86,1,1.05,1.12
"Erf",-0.58,-0.56,-1.25,-1.52,-0.13,-0.66,-0.8,-0.72,0.67,-0.53,-0.09,0.72,1.13,1.76,1.28,1.26
"Hic2",-1.14,-1.23,-0.79,-0.9,0.51,-0.16,-1.54,-1.15,0.24,0.3,0.38,1.23,0.82,1.51,1.21,0.73
"Pbx2",-1.15,-0.79,-0.01,-0.94,-1.21,-1.06,-0.06,-1.02,0.06,-0.45,1.36,0.63,1.15,0.51,1.35,1.63
"Zfp688",-0.81,-0.93,-0.4,-0.43,-1.63,-1.1,-0.4,-0.73,0.53,-0.54,1.64,0.78,0.38,1.34,0.93,1.37
"Esrra",-0.58,-0.8,-0.46,-1.07,-0.53,-1.27,-0.71,-0.61,-0.17,-0.81,0.84,1.38,0.58,1.59,0.91,1.7
"Drap1",-1.13,-0.89,-1.12,-0.8,-0.58,-0.55,-0.95,-0.76,-0.43,-0.03,1.35,1.09,1.14,1.18,1.2,1.27
"Cc2d1a",-0.81,-1.05,-0.42,-0.6,-0.55,-0.84,-1.35,-1.03,-0.34,0.1,1.12,1.01,0.71,0.96,1.23,1.86
"Irf3",-1.36,-0.17,-1.21,-1.06,-0.91,-1.32,0.05,-0.22,-0.04,-0.06,0.69,0.44,0.77,1.28,1.89,1.2
"Foxp4",-0.69,0.13,-0.73,-0.26,-1.42,-1.21,-0.88,-0.93,-0.82,0.07,0.89,0.69,1.04,1.36,1.46,1.32
"Zfp444",-0.72,-0.6,-0.43,-0.24,-1.07,-1.79,0.2,-1.26,-0.19,0.38,0.4,-0.02,1.82,0.95,1.23,1.34
"Mef2b",-0.59,-1.06,-1.16,-0.95,-1.43,-0.44,-0.37,-0.29,-0.08,0.59,0.27,-0.18,1.61,0.98,1.62,1.49
"Zfp219",-0.38,-0.06,-0.26,0.68,-0.92,-2.1,-1.39,-0.41,0.87,-0.99,1.42,0.33,1.22,0.28,0.7,1.01
"Zbtb42",-0.07,-1.09,-0.69,0.11,-0.5,-1.85,-0.61,-0.79,0.48,-0.77,1.03,0.68,0.95,1.32,-0.12,1.9
"Mxd1",-0.65,-0.34,0.03,-0.39,0.1,-1.34,-0.71,-0.29,-0.69,-1.46,-0.37,0.38,1.7,2.03,1.07,0.92
"Hmg20b",-1.18,-0.03,-0.33,0.06,-1.43,-1.11,-0.01,-0.49,-0.58,-0.36,0.74,0.03,2.45,1.56,0.73,-0.05
"Zbtb32",-0.39,0.6,-0.26,-0.02,-1.28,-0.59,-0.96,-0.08,-0.92,0.15,-0.37,-1.39,2.1,0.79,1.48,1.15
"Tcf4",1.06,0.36,0.28,-0.33,-1.42,-1.66,-1.16,0.7,-0.58,0.36,-0.41,-1.36,1.2,0.79,1.02,1.17
"Tbx21",0.05,-0.26,-0.47,0.11,-1.15,-1.81,-0.89,-0.34,0.02,0.68,-0.84,-0.18,0.3,1.6,1.19,1.98
"Pou2f2",-0.15,-0.07,-0.37,-1.18,-1.54,-1.27,-0.17,0.45,-0.7,-0.1,0.15,-0.3,0.22,1.5,1.55,1.98
"Runx3",0.39,0.13,-0.26,-1.69,-1.06,-1.53,-0.77,-0.37,-0.87,0.9,0.48,0.11,0.61,0.91,1.26,1.77
"Zfp239",-0.97,-0.7,-0.43,-1.08,-0.53,-0.8,1.05,0.2,-0.87,1.35,-0.4,-1.08,1.47,0.92,1.8,0.07
"Hivep3",-0.7,-0.96,-0.68,-1.07,-2.42,-0.57,0.67,0.64,-0.22,0.47,0.55,0.72,0.68,1.45,1.08,0.36
"Rbck1",0.44,-0.38,0.89,-0.17,-0.07,-0.67,-0.8,-0.7,-1.3,-0.73,-1.17,-0.1,2.02,0.34,2.08,0.31
"Hmgn3",0.41,-0.27,-0.07,0.7,-1.15,-0.34,0.03,-0.44,-0.91,-0.49,-1.09,-1.46,0.97,1.5,2.21,0.41
"Sp110",0.44,0.5,0.65,0.13,-0.11,-0.46,-0.16,0.19,-1.64,-1.25,-0.75,-1.84,1.61,0.93,1.45,0.31
"Irf7",0.83,0.46,1.02,0.8,0.16,-0.58,-0.32,-0.42,-1.4,-1.37,-1.44,-1.49,1.1,1.08,0.94,0.63
"Trafd1",0.53,-0.07,0.57,0.73,-0.37,-0.9,-0.69,-0.61,-0.97,-1.12,-1.06,-1.27,1.46,1.36,1.57,0.85
"Pcgf2",1,0.39,-0.14,0.5,-0.17,-0.19,-1.83,-2.5,-0.19,0.12,-0.28,0.1,1.49,1.18,0.2,0.35
"Batf2",0.84,0.26,1.36,0.91,-0.44,-1.1,-0.82,-1.03,-0.71,-0.94,-1.41,0.49,1.15,1.81,0.09,-0.45
"Bbx",1.49,0.78,1.24,1,-0.56,-1.13,-0.38,-0.88,-0.17,-0.43,-1.48,-1.03,1.23,1.19,0.02,-0.87
"Zfp513",0.24,1,0.24,1.17,-1.78,-1.39,-1.06,-0.44,-0.94,-0.73,-0.52,0.49,0.55,0.54,1.46,1.19
"Zfp217",-0.4,1.79,0.41,0.93,-0.57,-1.01,-1.83,-0.47,-0.71,-0.24,-0.98,0.33,-0.33,1.56,0.37,1.16
"Stat2",0.46,0.39,0.74,0.74,-0.79,-1.31,-1.22,-1.29,-0.88,0.04,-0.63,-0.93,0.64,1.56,1.47,0.99
"Irf9",0.85,0.69,0.79,0.58,-0.23,-1.56,-0.29,-0.85,-1.76,-0.29,-0.06,-1.39,-0.08,1.45,1.13,1.02
"Zup1",0.69,1.01,1.04,1.06,-0.58,-0.84,-0.82,0.11,-1.51,-0.18,-1.71,-1.37,0.71,0.94,0.76,0.69
"Stat1",0.76,0.67,0.98,0.98,-0.46,-0.97,-0.72,-0.63,-1.26,-0.29,-1.3,-1.58,0.83,1.24,1.31,0.43
"Setdb2",1.1,0.87,1.22,1.39,0.2,-0.65,-0.4,-0.46,-0.71,-0.29,-2.18,-1.65,0.28,0.36,0.7,0.21
"Bcl6",1.74,0.79,1,1.11,-0.84,-1.06,-0.51,-0.13,-0.55,-0.06,-2.29,-0.76,0.15,0.8,0.18,0.44
"Hivep1",0.96,0.99,0.83,0.84,-0.8,-0.59,-0.37,0.41,0.74,1.41,0.36,-1.02,-1.73,-1.39,-1.2,0.57
"Rora",0.99,1.4,0.99,1.08,-1.04,-0.53,-0.02,-0.69,0,0.75,0.62,-0.14,-0.97,-1.47,-1.82,0.84
"Smad4",0.83,1.16,1.12,1.05,-0.43,-0.96,-0.01,-0.59,0.64,1.28,0.57,-0.27,-1.6,-0.78,-1.87,-0.14
"Zfp827",1,1.45,1.22,-0.07,-0.95,-1.49,-1.09,-0.87,0.03,1.47,1.35,-0.36,0.01,-0.64,-0.87,-0.2
"Klf3",0.92,1.31,1.24,0.52,-0.94,-1.24,-1.02,-0.54,0.31,0.95,0.91,-0.48,-1.83,0.58,0.31,-1
"Zkscan17",1.25,0.72,0.52,1.03,-0.76,-0.86,-0.59,-1.38,0.72,0,1.79,-0.74,0.4,-1.77,0.31,-0.63
"Nfil3",0.5,0.41,0.31,0.65,-1.7,-0.73,-0.9,-0.75,0.51,0.75,1.86,0.87,0.45,-1.79,-0.82,0.4
"Akna",1.22,0.85,0.23,0.63,-2.23,-1.37,-0.71,-0.35,0.41,1,0.19,-1.14,1.01,0.21,-0.78,0.83
"Relb",1.26,1.35,0.96,1.19,-1.82,-1.34,-0.79,-1.24,-0.07,0.37,0.13,0.84,-0.34,-0.77,-0.33,0.58
"Rbpj",1.28,1.02,1.07,1.94,-1.58,-0.86,-0.31,-0.62,0.85,0.24,-0.08,0.09,-0.37,-1.28,-1,-0.37
"Lef1",1.63,1.36,0.66,1.26,-0.78,-0.48,-0.76,0.13,-1.83,-1.29,1.01,-0.78,0.34,-0.24,0.17,-0.42
"Skil",1.22,1.11,1.25,0.57,-0.99,-1.73,-1.27,-0.9,-0.96,-0.22,0.63,-0.67,1.44,0.01,0.28,0.23
"Bmyc",1.15,1.35,1.03,1.24,-1.19,-0.12,-0.07,-0.61,-0.72,0.49,0.75,-1.25,-0.29,-1.98,-0.4,0.63
"Irf8",1.33,1.26,1.19,1.42,-1.67,-1.39,-0.88,-0.78,-0.35,0.49,-0.14,-1.16,-0.21,0.18,0.24,0.48
"Irf5",1.54,1.09,1.24,1.39,-1.77,-0.79,-0.02,-0.39,-0.85,-0.07,0.9,-1.19,-0.87,-0.52,0.01,0.3
"Zbtb46",0.03,1.62,1.68,1.5,-1.34,-0.85,-0.54,0.4,-1.15,0.59,-0.38,-0.95,0.04,-1.14,-0.08,0.56
"Thap3",1.08,1.41,1.37,1.24,-0.94,-0.87,-1,0.17,-1.52,0.1,-0.44,-1.04,-0.63,-0.12,-0.13,1.32
"Zbtb4",0.75,1.81,1.08,1.26,-0.89,-0.87,-0.04,0.65,-0.07,-0.33,-1.65,-1.13,0.57,-0.59,0.58,-1.13
"Zfp90",1.57,1.19,0.76,1.17,-0.82,-0.34,0.56,-0.5,-0.09,-0.94,-1.07,-0.53,0.97,-1.08,0.8,-1.65
"Nfe2l3",0.66,2.63,0.37,1.56,-1,-0.57,-0.27,0.49,-0.13,-0.96,-0.74,-0.38,0.4,-0.28,-0.83,-0.95
"Mycl",1.78,2.53,0.2,0.99,0.12,-0.33,-0.76,0.45,-0.84,-0.87,-0.93,-0.42,-0.52,-0.56,-0.22,-0.61
"Dmrta2",1.57,2.38,0.13,1.5,0.13,-0.51,-0.55,-0.12,-0.01,-0.93,-0.4,-1.09,-0.37,-0.5,-1.19,-0.04
"Nr4a2",1.36,1.84,1.4,1.73,-1,-0.27,0.02,-0.01,-0.87,-0.49,-0.72,-1.01,-0.81,-0.24,-0.57,-0.36
"Insm1",0.95,2.26,1.24,1.85,-1.12,-0.6,-0.4,-0.41,-0.4,-0.07,-0.59,-0.43,-0.39,-0.46,-0.66,-0.76
"Zkscan7",2.05,1.55,0.42,1.59,-1.08,-0.3,0.36,0.34,-0.61,-0.67,-1.13,-1.11,-0.01,-0.1,-0.56,-0.73
"Gata3",1.02,1.82,1.05,1.49,-1.12,-0.28,-0.19,-0.01,-0.63,0.13,-1.55,-1.26,0.74,-0.34,-0.94,0.08
"Srebf2",-0.3,0.54,-0.03,-0.48,0.46,1.17,1.26,1.61,0.28,-0.4,0.14,0.76,-2.14,-1.22,-1.28,-0.37
"Snapc5",-0.7,0.16,0.17,0.47,0.34,0.86,0.36,1.69,0.82,-0.62,0.67,0.91,-2.05,-1.58,-0.44,-1.06
"Gabpa",0.53,0.8,0.74,-0.21,0.38,0.8,0.12,0.95,1.16,1.39,-0.38,-0.83,-0.99,-1.57,-1.3,-1.58
"Glyr1",-0.15,-0.12,0.1,0.23,0.43,2.05,0.54,0.46,0.84,1.18,0.21,-0.37,-0.83,-1.54,-1.53,-1.51
"Ttf1",0.61,0.92,0.8,0.9,0.38,0.29,0.84,0.18,-0.22,0.75,-1.27,0.34,-2.83,-0.78,-0.51,-0.4
"Nr3c1",1.07,0.85,0.86,0.29,0.12,-0.17,1.13,0.8,0.42,1.01,-0.84,-0.29,-2.16,-1.63,-0.63,-0.82
"Zfp277",0,1.24,0.24,0.79,0.18,-0.7,0.97,0.36,-0.26,1.47,0.81,0.16,-2.27,-1.08,-1.21,-0.7
"Rlf",0.68,1.35,0.37,1.11,0.65,-0.03,0.49,0.94,0.27,-0.61,0.45,-0.51,-2.44,-1.3,-1.04,-0.38
"Mnt",0.99,0.88,0.73,0.47,0.7,0.46,0.59,1.11,0.03,-0.04,0.04,-0.33,-2.6,-0.67,-1.1,-1.29
"Zfp746",0.7,0.61,0.91,0.67,0.24,0.28,0.38,0.99,0.25,0.49,0.44,0.05,-2.48,-0.7,-1.87,-0.97
"Mxd4",0.72,0.78,0.54,0.13,0.33,0.99,1.08,1.05,-0.12,0.08,0.14,0.38,-2.06,-1.37,-1.71,-0.96
"Bptf",0.68,0.71,0.42,0.33,0.04,0.39,0.89,1.05,-0.27,0.43,0.4,0.39,-2.73,-1.22,-1.48,-0.02
"Klf6",1.32,0.76,0.94,1.01,0.21,0.11,-0.23,-0.36,0.44,0.57,0.02,0.39,-2.82,-0.89,-0.8,-0.68
"Kdm2a",1.33,0.63,0.34,0.8,-0.53,-0.77,0.18,-0.74,1.27,0.59,-0.41,1.18,-2.17,-1.39,-0.62,0.33
"Runx2",0.72,0.25,0.82,0.46,-0.08,0.21,0.25,-0.92,0.71,0.95,-0.36,1.65,-2,-0.64,-1.97,-0.03
"Nfkb1",0.35,1.01,0.66,0.96,-0.46,0.22,0.29,-0.38,1.41,1.39,-0.06,-0.07,-1.44,-2,-1.33,-0.52
"Zzz3",0.2,0.41,-0.28,0,0.03,0.36,0.24,0,1.5,2.1,-0.7,0.28,-2.01,-0.52,-1.73,0.12
"Arntl",1.24,1.28,0.84,0.29,0.23,0.46,1.18,0.09,0.52,-0.22,-0.17,-0.91,-0.93,-2.37,-0.24,-1.3
"Elk4",1.44,1.11,0.38,0.76,-0.6,-0.18,0.71,1,0.58,1.02,-0.23,-1.23,-0.72,-1.57,-1.46,-1
"Nfatc3",0.56,0.6,-0.21,-0.12,0.18,0.65,1.56,1.53,0.08,1.09,-0.22,-1.87,-1.51,-1.14,-0.7,-0.48
"Usf3",0.73,1.45,0.6,0.67,1.04,-0.25,0.72,1.25,-0.37,-0.11,-0.67,-1.81,-0.53,-1.07,-1.74,0.08
"Zfp608",0.39,0.53,0.47,-0.2,0.56,0.63,1.08,2.14,-0.41,0.05,-0.33,-0.9,-0.25,-1.95,-1.69,-0.11
"Akap8",0.35,0.72,0.34,1.52,1.23,0.73,0.64,1,-1.24,-1.07,0.28,-1.73,-0.36,-1.43,-0.28,-0.69
"Champ1",0.46,0.97,1.09,1.2,0.26,1.04,0.93,0.79,-0.55,-0.06,-0.47,-1.19,-0.44,-2.16,-1,-0.87
"Son",0.29,0.95,1.1,1.05,0.71,0.78,1.62,0.65,-0.95,-0.72,-0.31,-1.3,-0.41,-1.25,-0.85,-1.37
"Zfp69",-0.47,0.49,0.62,0.93,1.37,-0.4,1,2.2,-0.28,-0.71,-1.24,-0.63,-0.15,-1.33,-0.45,-0.95
"Zfp367",-0.48,0.79,0.3,0.97,0.72,1.1,1.52,1.09,-0.17,-0.83,-0.88,-0.14,0.1,-1.75,-0.64,-1.71
"L3mbtl3",0.35,0.55,1.57,1,0.5,0.15,0.5,1.42,-0.61,0.11,-0.78,-0.77,-1.74,-0.34,0.05,-1.96
"Ikzf5",0.41,0.97,1.5,0.81,-0.02,1.34,0.78,0.41,0.09,0.1,-0.4,-1.18,-1.69,-0.35,-1.18,-1.58
"Mef2d",1.31,0.88,1.07,0.86,-0.09,0.82,0.97,0.9,-1.01,-1.05,-0.11,-1.32,-1.51,-0.92,0.24,-1.05
"Foxk1",0.91,1.26,1.05,1.12,0.2,0.73,1.26,0.36,-0.58,-0.93,-0.88,-1.78,-1.13,-0.42,0,-1.16
"Setbp1",1.11,1.71,0.78,1.15,-0.53,0.47,0.95,1.19,-0.54,-0.83,-1,-0.97,-0.67,-1.1,-0.86,-0.88
"Klf4",1.27,1.5,0.85,1.1,0.04,0.88,0.48,0.95,-0.79,-0.25,-0.5,-0.9,-1.26,-1.3,-1.29,-0.77
"Ebf1",0.83,1.16,0.73,0.52,0.42,0.55,1.26,1.59,-1.26,-0.43,-0.8,-1.28,-1.27,-1.22,-0.64,-0.15
"Mef2c",1.15,0.95,0.79,0.8,0.45,0.72,1.12,1.39,-0.87,-0.55,-1.62,-1.22,-0.84,-0.76,-0.8,-0.72
"Pax5",0.98,1.19,0.85,0.75,0.36,0.74,1.06,1.07,-0.84,-0.23,-1.64,-1.35,-1.51,-0.81,-0.21,-0.4
"Spib",0.84,1.47,1.08,0.6,0.42,0.49,0.94,1.07,-0.84,-0.37,-0.47,-1.71,-1.04,-1.55,-0.08,-0.84
"Nfatc2",1.2,1.29,0.67,0.87,0.82,0.93,0.75,0.84,-0.72,-0.5,-1.2,-1.64,-0.61,-1.17,-0.55,-0.97
"Ets1",1.18,1.37,0.95,0.58,0.61,0.75,0.94,1.04,-0.86,-0.41,-1.12,-1.48,-0.71,-1.1,-0.78,-0.95
"Zfp512",0.57,2.02,0.88,0.92,0.58,0,1.32,0.2,-0.83,-0.62,-0.96,-0.23,-1.79,-0.99,-0.46,-0.63
"Zfp831",1.03,1.45,1.13,0.78,0.66,0.9,1,0.45,-0.95,-1.37,-0.31,-0.89,-1.18,-0.9,-0.97,-0.84
"Scml4",1.08,1.58,1.23,0.88,0.88,0.64,0.45,0.31,-1.47,-1.21,-0.43,-1.28,-0.97,-0.33,-0.42,-0.95
"Fosb",1.39,1.49,0.65,1.02,0.85,0.66,0.35,0.91,-1.4,-1.15,-0.82,-1.12,-0.91,-0.6,-0.72,-0.6
"Fos",1.12,1.24,0.96,0.95,0.97,0.8,0.7,0.88,-1.15,-0.86,-0.99,-1.07,-1.29,-0.76,-0.61,-0.88
"Zfp61",0.96,1.71,0.8,1.3,1.19,-0.11,1.09,0.04,-0.78,-0.99,-0.81,-0.96,-1.03,-0.76,-0.84,-0.82
"Etv6",0.96,0.93,1.11,1.61,0.9,0.55,1.04,-0.08,-1.16,-1.28,-0.33,-1.19,-1.02,-0.9,-0.24,-0.9
"Klf9",0.96,0.56,0.26,0.34,1.56,0.89,0.23,0.84,0.4,-0.66,-0.66,0.6,-1.8,-1,-0.64,-1.88
"E2f2",0.63,0.59,0.41,0.53,1.41,1.11,1.03,0.98,-0.53,-2.05,-0.63,0.09,-0.56,-1.08,-0.54,-1.38
"Zfp414",0.52,0.82,1.02,0.71,1.47,0.8,0.71,0.51,-0.26,-2.08,0.08,-0.27,-0.55,-1.22,-0.94,-1.33
"Foxo3",0.23,0.64,0.39,1.19,0.95,2.08,0.38,0.82,-0.4,-0.86,-0.47,-0.46,-1.56,-1.34,-0.6,-1
"Zfp995",0.55,0.84,0.7,1.14,0.5,1.02,0.39,1.69,-0.97,0.22,-0.89,-0.43,-1.26,-1.37,-1.39,-0.75
"Foxj1",-0.14,1.5,0.68,1.27,1.22,0.75,0.74,1.18,-0.91,-0.85,-1.29,-0.85,-0.74,-0.83,-0.99,-0.71
"Mtf1",0.4,0.93,1.14,1.06,1.22,0.9,0.52,0.74,-0.34,-0.16,-1.49,-0.51,-1.73,-0.4,-1.26,-1.04
"Pou2f1",0.21,1.28,0.26,0.47,0.51,0.89,1.18,1.53,-0.15,-0.74,-0.41,-0.73,-1.01,0.17,-1.66,-1.79
"Creb3l2",-0.29,0.57,-0.3,0.53,1.56,1.13,1.81,0.89,-0.25,-0.73,0.1,-0.22,-1.32,-1,-1.39,-1.06
"Zfp467",0.68,1.7,1.36,1.72,0.05,-1.28,0.03,-0.54,-0.5,-1.3,0.1,-0.79,-0.47,-0.71,-0.93,0.87
"Trps1",1.2,1.37,1.3,1.95,-0.21,-0.39,-0.37,-1.29,-0.25,-0.74,-0.57,0.41,-1.26,-1.07,-0.43,0.37
"Zfp524",1.39,1.59,1.53,1.65,-0.82,-0.22,0.01,-1.2,-0.02,-0.86,-0.18,0.13,-0.64,-1.16,-0.74,-0.46
"Zfhx3",-0.42,1.21,1.54,2.29,1.22,0.28,-0.81,-0.54,-0.51,-0.61,-0.58,-0.33,-1.01,-0.28,-0.67,-0.79
"Foxq1",-0.11,2.1,1.54,1.66,-0.84,-0.21,-0.72,-0.73,-0.8,-0.22,-0.33,-0.86,-0.48,-0.53,1.11,-0.58
"Mlxip",0.36,1.86,1.15,1.65,0.42,0.12,-0.12,-0.31,-1.73,-0.94,-0.84,-0.26,-1.33,-0.6,0.53,0.03
"Csrnp1",1.35,1.25,1.37,1.68,-0.31,-0.47,-0.39,-0.27,-1.34,-0.95,0.47,-0.55,-1.71,-0.12,0.31,-0.31
"Zfp263",1.37,1.94,0.81,1,-1.57,0.22,-0.67,0.14,-0.47,-0.54,-1.15,1.06,-1.21,-0.33,-0.2,-0.4
"Cic",1.19,1.62,1.26,0.84,-0.89,-0.29,0.03,-0.6,-0.61,-0.4,0.16,0.41,-2.46,-0.62,-0.15,0.5
"Ikzf4",1.19,1.31,0.82,1.56,-1.63,-1.01,-0.43,-0.11,0.19,0.08,0.25,0.2,-1.81,-0.83,-0.5,0.74
"Gmeb2",1.57,1,1.61,1.27,-0.73,-0.71,-0.83,-0.6,-0.14,0.4,-0.6,0.03,-1.75,-0.44,-0.89,0.81
"Zscan20",1.62,1.14,1.34,1.05,-1.26,-0.25,0.66,0.24,0.43,-0.43,-1.22,-0.51,-1.03,-1.66,-0.28,0.17
"Etv3",1.39,1.49,1.06,1.58,-0.4,-0.25,0.42,0.28,-0.38,-0.12,-0.84,-0.84,-1.54,-1.41,-0.81,0.39
"Camta2",1.84,1.48,1.31,1.07,-0.71,-0.15,0.11,0.05,-0.51,-0.04,-0.27,-0.09,-1.38,-1.5,-1.23,0.02
"Thap12",1.58,1.5,1.18,1.4,-0.2,0.24,0.09,0.08,-0.48,-0.04,-0.15,-1.03,-1.07,-1.88,-0.55,-0.69
"Atmin",1.5,1.73,1.16,1.79,-0.07,0.06,-0.7,-0.58,-0.78,-0.21,-0.57,-0.89,-1,-1.26,-0.14,-0.07
"Batf3",1.31,1.67,1.21,1.74,-0.62,0.21,0.27,0.09,-1.04,-0.88,-0.28,0,-1.01,-1.09,-1.06,-0.5
"Vdr",1.41,1.58,1.47,1.66,-0.1,0.11,0.16,0.26,-0.77,-0.79,-1.02,-1,-0.61,-0.79,-0.86,-0.7
"Mbd2",1.35,1.53,1.5,1.69,0.09,0.29,0.13,-0.21,-0.54,-0.48,-0.71,-0.94,-1.18,-1.14,-0.54,-0.84
"Lbx2",1.34,1.08,2.67,0.52,-0.88,0,-0.09,-1.14,-0.33,-0.01,0.14,-0.54,-0.77,-0.83,-0.24,-0.91
"Zfp395",0.43,1.06,1.45,1.38,-1.05,0.67,0.56,0.39,-0.06,-0.01,0.72,-0.65,-1.29,-1.55,-0.46,-1.58
"Mterf2",2.22,-0.14,0.24,2.21,0.39,0.08,-0.56,0.43,-0.27,0.06,-0.14,-1.35,-0.76,-0.83,-0.67,-0.9
"Zfp619",1.92,1.07,0.57,0.13,0.81,-0.99,-0.11,0.11,0.58,0.37,0.69,-0.56,-1.72,-0.07,-1.26,-1.55
"Tsc22d1",1.39,1.01,0.72,1.28,0.97,-0.54,-0.46,-0.35,0.71,-0.46,0.03,0.49,-0.32,-1.29,-2.09,-1.1
"Rest",0.74,1.03,1.52,1.09,0.08,0.27,-0.09,0.55,0.15,0.09,-1.9,0.13,-1.5,0.31,-1.72,-0.76
"Xpa",1.63,1.02,1.84,0.69,-0.14,0.13,-0.12,0,-0.07,0.61,-1.55,-0.67,-1.56,-0.12,-1.21,-0.48
"Prdm1",1.21,1.31,0.92,1.27,-0.57,-0.61,-1.09,-0.45,0.11,0.57,-1.19,0.62,-0.61,0.64,-2.08,-0.06
"Tfdp2",0.85,1.49,1.6,0.24,-1.05,0.35,0.23,-0.15,0.07,0.12,-0.29,0.83,-1.16,0.1,-2.26,-0.95
"Eomes",2.12,0.92,1.43,0.59,0.18,-0.68,0.82,0.77,-0.31,-0.43,-1.15,-0.86,-1.12,-0.75,-1.06,-0.47
"Zfp597",1.78,0.6,1.68,0.77,0.67,0.26,0.61,0.43,-0.65,-0.2,-0.77,-0.59,-1.31,-0.7,-1.43,-1.16
"Tcf7l2",1.83,0.55,0.92,1.43,0.83,-0.39,-0.32,1.15,-0.4,-0.12,-1.17,-0.01,-0.98,-1.15,-1.14,-1.03
"Zfp560",1.76,1.26,0.9,1.23,0.06,-0.8,0.22,0.98,-0.55,0.65,-0.91,-1.11,-1.12,-1.1,-0.63,-0.84
"Maf",0.81,2.26,1.84,0.89,0.24,-0.14,-1.01,-0.05,-0.88,-0.15,-1.11,-0.32,-0.45,-0.56,-1.12,-0.25
"Jun",0.79,1.94,1.5,1.55,0.45,0.22,-0.71,-0.2,-0.73,-0.02,-0.95,-0.7,-1.46,-0.27,-0.69,-0.75
"Mafb",1.7,1.49,1.49,1.73,-0.65,-0.13,-0.37,0.11,-0.28,-0.39,-1.05,-0.83,-0.52,-0.68,-0.89,-0.74
"Nr4a3",1.43,1.5,1.49,1.73,-0.61,-0.24,-0.3,-0.28,0.01,0.01,-1.67,-0.79,-0.46,-0.68,-0.86,-0.3
"Bhlhe40",1.31,1.34,1.38,1.55,-0.44,0.07,-0.3,0.36,0.2,0.18,-1.07,-0.64,-1.4,-0.98,-1.5,-0.06
"Arid5b",1.91,1.21,1.39,1.12,-0.03,-0.27,0.05,0,0.34,0.04,-1.25,-1.2,-0.86,-1.02,-1.3,-0.14
"Zbtb37",1.28,1.3,1.6,1.29,0.09,-0.34,0.27,-0.22,-1.27,0.52,-1.39,-0.23,-1.14,-0.38,-1.38,-0.01
"Crebl2",0.95,1.91,1.25,1.54,0.23,-0.39,0.45,-0.96,-0.13,0.15,-0.82,-0.14,-0.89,-1.15,-1.43,-0.55
"Sox13",0.45,0.82,-0.13,-0.47,-0.12,1.9,1.47,0.35,-0.5,-1.55,-0.51,-1.32,1.36,-0.5,-1.07,-0.18
"Smad3",1.41,0.69,0.42,0.31,0.25,0.69,0.72,0.27,-1.53,-2.12,-0.38,-1.3,0.81,1.02,-0.67,-0.58
"Mxd3",0.55,0.71,0.36,-1.07,1.27,1.47,0.27,0.33,-0.78,-0.88,-2.16,-0.75,1.22,-0.89,0.24,0.11
"Terf1",0.68,-0.32,-0.14,-0.79,1.54,1.28,0.7,0.44,-1.63,-0.65,-1.66,-1.12,0.76,1.17,-0.16,-0.12
"Gtf3a",0.32,0.46,-0.22,0.11,1.96,-0.18,1.59,0.68,-1.2,-1.22,-0.87,-0.88,1.36,-1,-0.57,-0.35
"Klf13",-0.17,0.44,0.11,-0.49,1.2,0.33,1.4,1.42,-1.69,-2.12,-0.99,-0.24,-0.21,0.68,0.01,0.31
"Bhlha15",-0.34,-0.05,0.6,-0.56,1.48,1.84,1.37,0.79,-1.09,0.37,-0.7,-0.64,-1.57,-1.17,-0.31,0.01
"Cux1",-0.27,0.64,0.92,-0.44,1.24,1.39,1.55,0.34,-1.1,-1.07,-0.73,-0.18,-1.81,0.74,-0.49,-0.73
"Runx1",-0.65,-0.73,-0.52,-0.31,2.15,1.61,1.1,1.12,-0.25,-0.92,-0.88,0.43,-0.19,0.08,-0.99,-1.05
"Cenpa",-0.61,-0.61,-0.02,-1.17,2.32,1.14,1.38,1.19,-0.07,-0.65,0.07,-0.66,-0.13,-1.12,-0.84,-0.23
"Snai3",0,0.22,-0.4,0.42,1,2.07,1.47,1.18,-0.59,-1.24,-1.23,-1.03,-0.5,-0.91,0.02,-0.48
"Lyl1",0.04,-0.36,-0.13,-0.42,1.88,0.94,0.74,1.68,-0.59,-1.69,-0.97,-0.34,0.51,-1.28,0.6,-0.62
"Ikzf3",0.84,1.91,1.17,1.19,-0.62,0.16,0.84,0.23,-1.45,-0.31,-0.71,-1.5,-0.12,-0.95,-0.89,0.23
"Elk3",1.48,1.48,0.66,0.7,-0.48,0.17,0.32,0.4,-1.34,-0.45,-0.28,-2.27,1.08,-0.67,-0.36,-0.45
"Hmg20a",1.67,1.33,0.95,1.25,-0.16,-0.56,0.48,0.58,-1.12,-0.41,-0.18,-1.58,0.02,-1.64,0.02,-0.66
"Nfatc1",0.76,0.5,0.23,0.48,-0.67,0.87,1.32,1.42,-2.16,-0.47,-0.54,-1.77,0.12,-0.67,0.24,0.34
"Bach2",1.04,0.99,0.63,0.85,0,0.25,0.82,0.98,-1,0.1,-1.07,-2.25,-1.16,-0.95,0.82,-0.05
"Camta1",1.3,0.68,0.72,0.22,0.07,0.69,0.85,0.49,-1.58,-0.33,-0.53,-2.08,-0.65,-1.27,1.25,0.17
"Egr2",0.68,0.87,0.28,0.33,-1.53,0.37,0.81,0.49,-0.99,-1.11,-1.4,-1.89,0.97,0.53,0.89,0.7
"Hes5",1.56,0.75,0,-0.04,-1.57,0.34,1.33,0.46,-1.41,-0.93,-0.87,-1.24,0.4,-0.5,0.38,1.34
"Egr3",0.5,0.97,0.09,0.84,-0.34,0.74,0.61,1.05,-0.94,-0.78,-2.42,-1.63,0.45,-0.28,0.64,0.5
"Hes1",0.33,1.63,0.49,0.76,0.51,0.49,0.29,1.17,-2.05,-1.28,-1.38,-1.15,-0.27,0.41,-0.2,0.27
"Stat3",0.68,1.19,0.91,0.98,0.06,0.19,0.48,0.47,-1.23,-1.21,-1.9,-1.63,-0.56,0.25,0.26,1.08
"Rfx5",0.64,1.27,0.99,0.83,0.42,0.05,0.62,0.83,-1.19,-0.68,-1.13,-2.57,0.26,-0.33,0.22,-0.23
"Satb1",0.91,0.88,0.4,0.3,0.18,0.33,1.16,1.56,-1.56,-1.24,-1.04,-1.88,-0.66,0.24,0.06,0.35
"Bcl11a",0.6,1.15,0.64,0.49,0.16,0.46,0.56,0.83,-1.46,-0.69,-1.1,-2.56,-0.09,-0.12,0.98,0.17
"Pou2af1",0.25,0.97,0.52,0.24,-0.18,0.61,0.85,1.15,-1.8,-0.64,-1.35,-2.09,0.06,0.06,1.14,0.21
"Smad1",0.93,0.85,1.2,0.82,0.4,0.35,-0.47,-0.41,-0.77,-1.52,-1.18,-0.48,-1.36,2.04,-0.14,-0.25
"Mafk",1.27,0.74,1.11,0.97,-0.17,0.12,-0.01,-1.76,-2.24,-0.79,0.43,-0.54,-0.38,1.1,0.2,-0.07
"Pou6f1",1.03,1.22,0.86,1.1,0.31,0.49,0.95,-0.72,-0.71,-1.27,-0.37,-2.07,-0.61,-0.43,1,-0.79
"Zfp366",2.28,1.31,1.59,0.82,-0.14,-1,-0.16,-0.66,-0.48,-1.01,-0.65,-1.17,-0.44,0.06,0.04,-0.4
"Irf1",1.34,1.73,1.47,1.69,0.05,-0.68,-0.42,-0.51,-1.1,-0.24,-1.06,-1.07,-0.35,-0.06,0,-0.8
"Zfp516",1.66,1.06,1.31,1.87,0.24,-0.33,0.36,-0.82,-0.91,-1.23,-0.63,-0.87,-0.1,0.03,-0.58,-1.05
"Sp100",0.75,0.62,1.15,0.76,0.16,-0.17,0.13,0.4,-1.73,-1.2,-1.5,-1.78,0.32,0.81,1.13,0.15
"Jund",1.24,1.06,0.89,0.54,-0.03,-0.27,0.5,0.89,-2.04,-1.43,-0.47,-1.2,-0.67,0.73,0.93,-0.65
"Tcf7",1.96,1.06,1.09,0.55,-0.14,-0.9,-0.59,-0.71,-1.24,-0.75,-0.3,-1.16,-0.39,-0.42,1.72,0.2
"Nr4a1",1.7,1.7,1.21,1.37,-0.6,-0.11,-0.42,-0.86,-1.32,-0.99,-1.08,-0.7,-0.18,0.06,0.39,-0.18
"Junb",1.29,1.39,1.26,1.41,-1.02,-0.54,-0.78,-0.21,-1.52,-1.21,-0.63,-0.79,-0.23,0.28,0.89,0.39
"Dzip1",0.94,0.93,1.22,1.36,-1.14,-0.15,0.65,1.18,-0.66,0.12,-0.68,-0.92,-1.08,0.79,-1.27,-1.27
"Zfp266",1.36,0.16,1.31,0.72,-0.59,-0.15,-0.33,0.98,-0.51,-0.45,-1.08,-1.5,-0.99,1.98,-0.82,-0.09
"Zfp512b",1.83,0.85,0.62,0.87,0.29,-0.21,1.01,1.18,-1.64,-0.37,-0.22,-0.83,-1.51,-0.36,-1,-0.51
"Ikzf1",0.81,0.58,0.87,0.71,0.44,0.62,0.82,1.5,-1.3,0.36,-0.19,-0.98,-2.26,-0.76,-0.55,-0.67
"Sp3",1.44,1.39,0.38,1.05,0.99,0.04,0.05,0.3,-0.11,-0.31,-0.78,-1.52,-1.97,0.25,-1.32,0.11
"Baz2b",0.65,1.42,0.47,0.32,0.71,-0.14,1.06,0.99,-0.68,0.18,-0.83,-0.8,-2.31,0.77,-1.27,-0.52
"Zfp945",1.88,0.37,1.05,0.88,0.71,-0.01,0.41,0.86,-0.87,-0.02,-1.08,-1.52,-0.85,0.53,-1.34,-1.01
"Hif1a",1.62,0.17,0.69,1.16,1.47,0.95,0,0.44,-0.38,-0.32,-1.58,-1.21,-0.68,-0.1,-1.35,-0.88
"Elf2",1.11,0.49,0.42,0.44,1.04,0.98,1.24,0.96,-0.83,-0.46,-0.93,-0.6,-1.55,0.39,-1.78,-0.91
"Zfp644",1.39,0.35,0.43,0.52,0.4,0.78,1.18,1.09,-0.02,0.45,-1.42,-0.41,-1.52,-0.79,-1.87,-0.58
"Zfp326",0.82,1.07,0.82,0.33,1.07,1.43,0.78,0.63,-0.17,-1,-1.7,-0.67,-0.93,-0.92,-1.47,-0.09
"Foxn3",0.98,1.04,0.8,0.51,0.2,0.8,1.08,1.38,0.06,0.02,-1.63,-1.1,-1.27,-1.24,-0.93,-0.68
"Dmtf1",1.23,1.03,1.14,1.27,0.75,0.53,0.36,0.67,-0.19,-0.35,-1.98,-0.89,-0.88,-1.02,-0.89,-0.77
"Mga",0.8,0.69,1.19,0.99,0.58,0.92,0.44,0.89,0.27,0.17,-1.69,-1.26,-1.2,-0.45,-1.64,-0.69
"Sp1",1.37,0.33,0.94,0.63,-0.17,0.81,0.13,1.61,-0.09,-0.42,-2.21,-0.25,-1.3,-0.04,-1.26,-0.1
"Zfp148",0.71,1.27,0.15,0.24,0.17,0.66,0.27,1.92,-0.23,0,-1.81,-1.48,-1.02,0.11,-1.35,0.4
"Zfp110",1.56,1.04,0.65,0.82,-0.14,0.4,-0.57,0.49,0.93,0.77,-2.32,-0.72,-0.68,-0.97,-0.37,-0.87
"Elf1",0.74,1.19,1.19,0.64,0.41,0.51,0.61,0.67,-0.16,0.27,-2.52,-1.47,-0.63,-0.55,-0.09,-0.82
"Atf6",0.89,1.08,0.89,1,0.1,0.6,0.23,0.3,-0.03,0.29,-2.7,-0.43,-1.33,0.49,-0.37,-1.02
"Zfp280d",1.37,0.33,0.68,0.69,0.17,0.66,0.73,0.7,0.54,0.26,-2.3,-1.03,-1.61,0.26,-0.41,-1.03
"Zfp592",0.81,1.17,0.81,1.65,0.57,0.7,0.41,0.11,-0.51,0.52,-0.82,-2.03,-1.03,-1.27,-0.45,-0.64
"Zbtb20",0.78,1.44,1.09,1.28,0.3,0.66,0.93,0.67,-0.93,-0.18,-1.2,-1.36,-1.4,-0.9,-0.53,-0.65
"Rel",1.28,1.33,1.21,1.46,0.12,0.48,0.81,0.21,-0.87,-0.29,-1.39,-1.39,-1,-0.82,-0.57,-0.56
"Zfp318",1.09,1.34,1.21,1.23,-0.1,0.64,1.09,0.47,-0.98,-0.46,-1.25,-1.45,-1.11,-0.54,-0.33,-0.84
"Ncoa2",1.22,1.23,1.44,1.59,-0.19,-0.09,0.45,0.62,-1,0.05,-1.03,-1.69,-0.75,-0.35,-0.87,-0.62
"Gpbp1",1.1,1.15,0.81,1.76,0.04,0.44,0.52,0.44,-1.68,0.07,-1.26,-1.57,-0.43,-0.54,0.01,-0.85
"Irf2",1.35,1.5,1.15,0.94,0.14,-0.44,-0.24,0.69,-1.14,-0.16,-1.55,-1.54,-1.16,0.22,0.58,-0.35
"Stat4",1.39,1.05,1.13,1.22,-0.04,0.47,0.06,0.86,-0.57,-0.22,-2.19,-1.03,-1.31,-0.18,-0.47,-0.16
"Hic1",1.51,1.34,0.81,0.95,-0.55,0.55,-0.13,1.17,-1.03,-0.15,-1.51,-0.83,-1.32,-1.2,-0.02,0.39
"Zfp182",0.57,1.09,1.06,0.56,0.23,0.98,-0.68,2.13,-1.23,-1.62,-0.63,-0.35,-0.47,-0.13,-0.82,-0.69
"Zfp580",0.13,1.41,1.77,1.12,-0.15,0,-0.35,1.03,-0.85,-1.03,-0.87,-0.92,0.78,-1.71,0.28,-0.63
"Arid3b",0.99,1.1,1.6,1.35,0.45,-1.13,-0.93,1.04,-0.9,-1.24,-0.86,-0.39,0.42,-0.38,0.06,-1.2
"Zbtb10",1.4,0.4,0.91,0.96,0.53,0.68,1.06,-0.11,-0.09,-0.7,-0.44,-2.42,-0.01,0.13,-1.11,-1.2
"Zbed3",0.63,0.82,0.52,0.42,1.22,1.52,0.95,0.26,0.28,-0.26,-1.08,-1.95,-0.32,-0.56,-0.92,-1.52
"Klf2",1.27,1.18,0.97,0.93,0.34,0.32,0.95,1.09,-1.72,-1.34,-0.61,-1.19,-0.53,-0.29,-0.51,-0.85
"Bcl11b",1.09,1.32,1.57,0.99,0.23,-0.01,0.96,0.43,-1.9,-1.3,-0.65,-0.98,-0.64,-0.39,-0.35,-0.37
"Hivep2",1.19,1.46,1.37,1.31,0.25,0.58,0.36,0.16,-0.83,-0.84,-1.11,-1.92,-0.63,-0.56,-0.38,-0.42
"Crem",1.23,1.67,1.32,1.39,-0.68,0.32,0.39,0.48,-0.49,-1.34,-1.22,-1.24,-0.51,-0.27,-0.28,-0.77
"Ccdc17",1.51,1.14,1.5,0.64,0.68,-0.66,0.4,0.52,-0.36,-1.45,-1.12,-1.44,-0.74,0.54,-1,-0.19
"Tcf7l1",0.06,1.47,1.78,0.54,0.48,-0.23,1.03,0.66,-1.1,-1.58,-1.46,-0.8,-0.24,0.6,-0.6,-0.6
"Esr1",1.13,0.35,1.45,2.03,-0.27,1,0.22,-0.44,-0.88,-1.41,-1.33,-0.9,0.34,-0.4,-0.36,-0.53
"Cxxc5",0.65,0.94,1.04,1.01,0.61,0.92,1.03,0.81,-1.29,-0.93,-1.67,-1.36,-0.39,-0.39,0.11,-1.09
"Egr1",1.28,1.17,1.14,1.2,0.43,0.6,0.75,0.59,-1.4,-1.2,-1.33,-1.28,-0.35,-0.53,-0.32,-0.71
"Zmat1",1.22,1.1,1.03,1.33,-0.2,0.82,0.85,0.45,-1.56,-0.91,-1.49,-1.25,0.08,-0.69,-0.3,-0.48
"Tigd2",1.14,0.57,0.83,1.19,0.13,0.9,1.75,0.3,-0.75,-0.52,-1.27,-1.66,-0.2,-0.8,-1.05,-0.56
"Zfp706",0.95,0.67,0.49,1.05,0.86,1.1,0.77,0.8,-0.91,-1.08,-0.73,-1.99,0.6,-1.03,-0.86,-0.7
