"","baseMean","lgFC_MoDC_Treatment_48H_Wash_vs_MoDC_Naive","lfcSE","stat","pvalue","padj"
"Ccl5",13361.9432783755,5.21184856347844,0.249978321409576,20.8492021791726,1.54985089096389e-96,1.96505594465311e-92
"Ly6e",3947.69325238168,2.05471685886874,0.20003085103091,10.2719997854292,9.42307758823144e-25,5.97376003705932e-21
"Flna",848.608571993293,-1.09652654509827,0.113484911422301,-9.66231132716727,4.35915942093093e-22,1.84232607659944e-18
"Irf7",1749.08474909638,4.05994033918723,0.436065403520862,9.31039313462297,1.27360057686269e-20,4.03699542851052e-17
"Ms4a6c",258.869828815183,3.49230626764625,0.381185006861198,9.16170941874928,5.10816312644852e-20,1.29532800560482e-16
"Psat1",105.544865347638,-2.16645216664362,0.244261173199915,-8.86940866721577,7.35353420228219e-19,1.5539243358456e-15
"Tnfrsf1b",1849.50872303771,1.08625094688801,0.127421195758706,8.5248842660762,1.52962681834596e-17,2.77059120425834e-14
"Aoah",206.195547512227,3.03132868789024,0.35874941694426,8.44971042381158,2.92026222478721e-17,4.62825059350963e-14
"Oasl2",547.53830910974,2.48701655212721,0.304877971691025,8.15741635360803,3.42266939757396e-16,4.82178058798225e-13
"H2-T22",697.360386663623,1.29905102775673,0.160864432882021,8.07543970089062,6.72339262165171e-16,8.52458950499221e-13
"Slpi",2089.77695305315,3.19058829565504,0.407906212214453,7.82186738057724,5.20454247408968e-15,5.99894491172573e-12
"Lox",78.8361305915575,2.76959918078218,0.355834484448779,7.7833917223412,7.06055836229623e-15,7.46006828962949e-12
"Ppp1r1a",11.0848261549289,-4.6236977142433,0.609567983849231,-7.58520433610391,3.31963483143052e-14,3.23766538674674e-11
"Fyb",289.500228850798,1.77072686692125,0.238587389716711,7.42171188939928,1.15616101991156e-13,1.0470689693899e-10
"H2-K1",8247.83977615739,1.20098586899979,0.166826575429377,7.19900810712387,6.0652145263775e-13,5.12672366532935e-10
"Rtp4",870.825638434273,3.4479691781327,0.481873132517946,7.15534638778451,8.34619024785898e-13,6.61383413453775e-10
"Vsig8",27.74254259646,-3.09825349549768,0.434169077341242,-7.13605288168084,9.6049070869823e-13,7.16356570328521e-10
"Ly6i",97.1465297255831,4.31894252683946,0.606010598652143,7.12684322096912,1.02696952285853e-12,7.23385921129075e-10
"Il18bp",130.914784606051,1.84780248206152,0.27317817758509,6.76409257282627,1.34147293865365e-11,8.95186073115241e-09
"Il2rg",1024.69474985563,1.32496850160107,0.197036087898039,6.72449659215067,1.76200543370372e-11,1.11702334469648e-08
"Lmo4",498.728212302793,1.53967205654586,0.230734149846313,6.67292664554166,2.50751746310325e-11,1.51394351974696e-08
"Vwf",53.0824907970983,-1.64889689389952,0.248276715762687,-6.64136743082906,3.10786208197381e-11,1.79111742442482e-08
"Srsf5",779.733592567338,-0.631700117613938,0.097599769154121,-6.47235257919937,9.64886452410138e-11,5.3190414478731e-08
"Zfas1",315.688190711684,1.28751700190664,0.200287814725428,6.42833416337226,1.29009893519071e-10,6.81548516636795e-08
"Lrrk2",122.989425082654,1.51855617564179,0.23764897239561,6.38991265282593,1.65980538214826e-10,8.41786897610313e-08
"Saa3",8709.78460537256,4.98025650508566,0.783445985817692,6.35686007107141,2.05919408754932e-10,1.00417391677069e-07
"Clec4a1",103.419059568663,2.9703343526993,0.469202799751808,6.33059810016162,2.44212691014094e-10,1.10584739620275e-07
"Lgals3bp",1863.75105145172,1.73808645552901,0.274540369364334,6.33089574241247,2.43742006238969e-10,1.10584739620275e-07
"Osbpl3",132.422571651137,1.66236908895952,0.266626621981833,6.23482035140809,4.52296843279956e-10,1.97747299170571e-07
"Ifnar2",351.865960014503,0.944293692740713,0.152267171183574,6.20155799441672,5.59069107952905e-10,2.36281240657829e-07
"Slc6a12",481.77436314817,1.89541137118699,0.305979782113551,6.19456409209283,5.84465549451425e-10,2.39046409725633e-07
"Nupr1",88.7072060853039,2.47533754660124,0.40204159980199,6.15691895520355,7.41737818123687e-10,2.93890431124694e-07
"Ifi211",362.965154386127,2.21007325387908,0.363638261123978,6.0776697343341,1.21941578710815e-09,4.68514326204372e-07
"Cdt1",104.238506811056,-1.19173959778245,0.19674147619705,-6.05738871547778,1.38348989005766e-09,5.15919656354151e-07
"Cflar",949.916760494788,0.906757388692451,0.151465120081585,5.98657557729486,2.14305032135646e-09,7.76335286413674e-07
"Ighm",4194.03454341775,-1.48824543842106,0.249946009598522,-5.95426764688729,2.61238981521653e-09,9.2006917964251e-07
"St3gal1",601.506164699423,1.27205078113661,0.21575815732001,5.89572508839106,3.73039605312268e-09,1.27831598804169e-06
"Chn2",7.38530702303935,-3.13539274734562,0.534512333261824,-5.86589410989286,4.46718832340079e-09,1.46640347389577e-06
"Orm1",19.78474778651,4.91730068554007,0.838515956492252,5.86428993684333,4.51058722942936e-09,1.46640347389577e-06
"Slco3a1",502.087553135155,1.66469559548415,0.285198805730984,5.83696552030581,5.31600914707857e-09,1.68504199939523e-06
"Clmp",167.894681926361,1.54724451561431,0.266690536049963,5.80164762698757,6.56664462372544e-09,2.0306948093711e-06
"Phf11d",444.803154445846,2.38936356513997,0.41434518184262,5.76660154346266,8.08859824675147e-09,2.44179374215624e-06
"Cxcl16",1289.01069451261,1.11734262966953,0.194033716146037,5.75849729553487,8.48660265224597e-09,2.50236360529829e-06
"Smpdl3b",76.1929757922952,3.29840457485602,0.573280493742196,5.75356149539481,8.73826409309709e-09,2.51801023719041e-06
"Csrp1",340.632747930662,-1.24300014909663,0.216655902250155,-5.73720880062358,9.62495686876389e-09,2.71188506975683e-06
"Mefv",57.9684735044023,2.76452653739629,0.484325652528805,5.70799114802591,1.14317364182775e-08,3.15093447929001e-06
"Ddit3",175.543463731902,1.5083250886444,0.267216742621362,5.6445755376251,1.65589267747175e-08,4.37397151201339e-06
"Irak3",153.083121590494,2.092647524416,0.370542866661981,5.64751804094227,1.62780758144932e-08,4.37397151201339e-06
"Lst1",191.050197305141,1.59016529925456,0.282273819703005,5.63341404076245,1.76676598897947e-08,4.57159713760628e-06
"H2-D1",8268.53646514439,0.830982875271106,0.147944050704741,5.61687253602065,1.94444753216744e-08,4.93073005207019e-06
"Sod2",3082.17163187432,1.82426021779399,0.327530721707933,5.56973772805569,2.55123075995485e-08,6.34255976577795e-06
"Ell2",285.598051625153,1.4164920946448,0.255139703793076,5.55182934520298,2.82695503166135e-08,6.89287747046813e-06
"Milr1",330.271388649669,0.967134591227774,0.174645257397317,5.53770887134684,3.06454112286114e-08,7.33119186731253e-06
"Aga",192.399097518132,0.983911793804786,0.177863109617817,5.53184859929058,3.16873360718802e-08,7.44006914917349e-06
"Cenpa",94.495174555204,-1.37280874109994,0.250864201572742,-5.47231822034947,4.44186293136042e-08,1.01483941362994e-05
"Pilrb1",69.1589049547262,2.3755182105519,0.434224632526534,5.47071269708944,4.48229412124588e-08,1.01483941362994e-05
"Mmp2",36.0809830400356,2.76748836596776,0.506599923967223,5.46286770889214,4.68503744875908e-08,1.02416534160028e-05
"Slfn1",317.184233627522,2.29466978479146,0.420030538404556,5.46310226277245,4.678848798389e-08,1.02416534160028e-05
"Slc7a1",129.191134954115,-1.57961346240049,0.291115653789832,-5.42606844337158,5.76088758186038e-08,1.23800497712555e-05
"Nrgn",31.4457582351393,-3.32036988387792,0.612458386470525,-5.42138038636804,5.91405634814649e-08,1.24973867396915e-05
"Ly6a",550.262967783013,2.80443227886083,0.518782523257407,5.40579559475511,6.4521345577716e-08,1.34109203373748e-05
"Rbpj",375.374520750752,1.00025259228913,0.186561918692186,5.36150463771479,8.25316034035402e-08,1.6877712896024e-05
"Usp18",967.351331371298,1.88005381066008,0.351496965228937,5.34870566929522,8.85854694369582e-08,1.78281772538285e-05
"Npc2",3860.55706049703,0.796919256861456,0.151174196917021,5.2715296202227,1.35291448071109e-07,2.68025042202123e-05
"H2-M3",168.714841811282,1.59657513386868,0.303564379880236,5.25942844314793,1.44503846904506e-07,2.81871426908035e-05
"Slc40a1",43.9636606090185,-1.8587650550463,0.353951911733428,-5.25146211513102,1.50896572471107e-07,2.85554871994203e-05
"Vmp1",514.256780486805,0.896213278159216,0.170601952795431,5.25324161578541,1.49445278651861e-07,2.85554871994203e-05
"P4ha1",220.908529248396,1.31588292871683,0.25167166347377,5.22857007640026,1.70826085284411e-07,3.18515284606037e-05
"Ms4a6b",133.571004606166,2.1223792912696,0.407935204803498,5.20273628330741,1.96375441495286e-07,3.60846988799816e-05
"Egln1",96.6782825764992,0.892791442224587,0.172085251067337,5.18807647190656,2.12477354079958e-07,3.81553101399216e-05
"Rigi",636.361014520053,1.59812846064135,0.30810025949322,5.18704029418878,2.13662514388708e-07,3.81553101399216e-05
"Bst2",1675.62941800237,1.41656126638299,0.274469833655378,5.16108181185992,2.45526843613271e-07,4.32365951412869e-05
"Tnip1",651.017298057223,0.761645847364969,0.148489893699956,5.12927734263168,2.90856564220018e-07,5.05174024348713e-05
"Ifi27l2a",1269.32010708981,2.18768444985999,0.426961258904864,5.12384766587794,2.99362874792145e-07,5.12921876958055e-05
"Cotl1",2142.41345408274,-0.810103458225001,0.158307325939517,-5.11728344482624,3.09967630266941e-07,5.24010611220605e-05
"Acsl1",846.121473823225,1.36780988961869,0.267624749966248,5.11092449331086,3.20586105070498e-07,5.2788457482972e-05
"Ankrd37",42.4930873904203,2.43108678880219,0.475660546565819,5.11097001076542,3.20508864552041e-07,5.2788457482972e-05
"Zfp36l1",434.576802763544,1.26563249287515,0.248142027778884,5.10043584395519,3.38872233730479e-07,5.50841160444711e-05
"Ankrd66",32.6707981442515,1.81084506097043,0.355747528577995,5.09025338337218,3.57585362797771e-07,5.73901875305436e-05
"Snx20",503.758670410558,0.71841244693462,0.142176332052326,5.05296793470675,4.34996949794584e-07,6.89415790805691e-05
"Cav1",522.461866366897,1.90310400766574,0.376807902264573,5.05059473601348,4.40436608572005e-07,6.89419229640055e-05
"Abcg1",53.8460155259108,-1.31294891460036,0.260501482868874,-5.04008230640763,4.6533167734719e-07,7.18130403272938e-05
"Dok2",124.805522773103,-0.842379000964344,0.167200788808717,-5.03812815098648,4.70106660396355e-07,7.18130403272938e-05
"Phgdh",52.0865164931975,-2.47890453966826,0.493554362628372,-5.02255623163195,5.09882620800389e-07,7.60812488933989e-05
"Pilrb2",65.5077742930924,1.99408247265189,0.397030354859593,5.02249374196358,5.10048596572199e-07,7.60812488933989e-05
"Ifi27",497.20844012665,0.887168233210194,0.177003107030456,5.01216192243193,5.38218829238805e-07,7.75463242718047e-05
"Tpi1",459.589746288203,1.08635591314343,0.216691679531244,5.01337160473109,5.3484461281763e-07,7.75463242718047e-05
"Xaf1",299.682199841124,1.69658966191546,0.338363595565381,5.01410223839413,5.3281651626762e-07,7.75463242718047e-05
"Ifi206",224.611619679185,2.76043049482532,0.551688088477388,5.00360720573807,5.62673506951102e-07,8.01588471307082e-05
"Aldh16a1",114.881240551232,-0.85618712644758,0.171662630903691,-4.98761507930011,6.11292080488387e-07,8.55498007394532e-05
"Marcksl1",1054.708932842,2.12892363666959,0.42691539633462,4.98675769238578,6.14009927225352e-07,8.55498007394532e-05
"Morrbid",149.812561922,1.49004464591663,0.299773183312671,4.97057351645252,6.67551433045322e-07,9.19987458650178e-05
"Gpr132",378.970975369631,1.10866428265189,0.223165443035514,4.96790303898197,6.76807868177518e-07,9.22714726948683e-05
"Pid1",345.676490970684,1.54167752565304,0.31064794475731,4.96278038104343,6.94911441746051e-07,9.29591378757118e-05
"Siglece",26.6758487808952,3.82493290310741,0.770793312987335,4.96233275335934,6.96515348071033e-07,9.29591378757118e-05
"Rpl12",3192.26584405372,-0.686971774457488,0.138543111192617,-4.95854155824745,7.10243467693068e-07,9.38039263216709e-05
"Plpp3",480.437234828967,1.20243268408566,0.244760554403611,4.91268982052902,8.98353388145752e-07,0.000117424975343299
"C130050O18Rik",17.1556427328679,2.50246508315774,0.509601857994246,4.91062786349966,9.07852350414484e-07,0.000117455713784747
"Cd14",1623.53237348099,2.27731845612223,0.46446573782364,4.90309245799944,9.43395524586958e-07,0.000120821331881192
"C3",503.426335759143,1.80042033132227,0.367562505401866,4.89826983128712,9.66842052252543e-07,0.0001225859038051
"Rnf149",3191.58598552366,0.661136773727396,0.135974319020708,4.86221794298312,1.16077714354337e-06,0.000145717756465212
"Acod1",3399.09813182282,1.68614191117946,0.348585705101827,4.83709425401398,1.31750962585794e-06,0.000162279808655213
"Pde4b",269.15643812163,2.12780087799514,0.43990332225299,4.83697387666338,1.31830746048482e-06,0.000162279808655213
"Slamf7",918.601449335547,0.995030208770408,0.206504711302,4.8184382937164,1.44686258185487e-06,0.000176392025724403
"Pilra",512.049262159981,1.43175975508191,0.297573196043048,4.81145403591656,1.49836196031123e-06,0.000180930774236057
"Vasn",25.536887145362,-1.75887795146457,0.365895618912509,-4.80704840547748,1.53174913443058e-06,0.000183217427126843
"Adam17",583.481863543729,0.617570155402157,0.128741655536665,4.79697229950779,1.61081867170536e-06,0.00019087448540703
"Cd5l",76.6393028353349,-2.68175164928683,0.560018902856328,-4.7886805884744,1.67881446424692e-06,0.000197089709186914
"Slc16a3",329.169616419386,1.37555500948902,0.287416427602623,4.78593036926492,1.70197060164967e-06,0.000197975094112992
"Cox6a2",23.3470068482719,-2.13243580206346,0.44625863130244,-4.77847519910099,1.76629544283385e-06,0.000203589635633549
"Fcgr4",93.3751056032907,1.19079394092355,0.250401181268005,4.75554442232857,1.97912333374649e-06,0.000226065808545691
"Mcm6",126.297130632655,-0.920145510531027,0.194072555962507,-4.74124487085537,2.12409018265698e-06,0.000240458387731321
"Pou2f2",315.274796277685,2.25599683937587,0.476067992096558,4.73881226385473,2.14974554507565e-06,0.000241209059876231
"Jpt1",737.450091947791,-0.480054328383464,0.101419080131783,-4.7333729290355,2.20819228205215e-06,0.000245593596001221
"Traf1",656.807031019227,2.41746444006353,0.511140881989961,4.72954624692105,2.25022193858544e-06,0.000248091860515868
"Cyb5a",827.908440291118,0.877703531828586,0.185831200343664,4.72312254457496,2.32250805788383e-06,0.000251684441588967
"Zc3h12a",354.542011944341,1.57341820068847,0.33304822242225,4.72429544660245,2.30914507874514e-06,0.000251684441588967
"Dpys",16.0024161129717,2.30415368993857,0.490035088990299,4.70201775690432,2.5760309118796e-06,0.000274466352367408
"Oas2",245.842488819385,2.55494656865998,0.543234628239011,4.70321006034222,2.56102688284339e-06,0.000274466352367408
"Rpl3",1687.33446762883,-0.765568788089377,0.163188924098917,-4.69130360602983,2.71469779435762e-06,0.000286830444455502
"Sp100",757.758149030009,1.04184670809552,0.222872824563354,4.6746242397954,2.94492315441556e-06,0.000308584137808553
"Itga2b",21.5534401826629,-2.39251379737192,0.512126658557123,-4.67172281972713,2.98683847434407e-06,0.000310410860788593
"Adgre1",1423.54736282811,1.59291618936503,0.343195439878801,4.64142585906026,3.46013174700254e-06,0.000356674881465408
"Htt",52.9041930347522,-1.1684539539946,0.252166517889615,-4.63366018523557,3.59256533825704e-06,0.000366808776038635
"Ndufs8",195.174560092517,-0.973084755199023,0.210065261225811,-4.63229736092822,3.61630231128869e-06,0.000366808776038635
"Ctla2a",8.63585383517702,-3.72626548374748,0.804937148116425,-4.62926266040404,3.66970056493644e-06,0.000369270900498644
"Crip1",1241.53582090638,-1.51464141368947,0.328272625125551,-4.61397417195596,3.9504153741875e-06,0.000391307160385338
"Gm13835",49.8506528279631,-2.66083883038728,0.576544891040002,-4.61514596996518,3.92819127228216e-06,0.000391307160385338
"Bcl6",171.009239094282,1.00857376398819,0.218985362056114,4.60566749539062,4.11144896194425e-06,0.000404101251073575
"Nrp1",144.638002378038,-1.88734060072223,0.410306576370166,-4.59983024746726,4.22835362018637e-06,0.000412394581156485
"Tmbim4",462.935128274611,0.69415065415055,0.150984639829595,4.59749187025902,4.27607307710189e-06,0.000413865118660877
"Fpr2",73.4922189711177,3.68028128644353,0.803248913346472,4.5817444945065,4.61113076304946e-06,0.000436302439885852
"Lcn2",1114.91688108085,4.35199106885223,0.94959961075917,4.58297478173245,4.58407342626073e-06,0.000436302439885852
"Trim25",273.603898849444,0.645067701457721,0.140709008383246,4.58440940540752,4.55271425136317e-06,0.000436302439885852
"Penk",68.9219568204332,2.08956394816817,0.456635692204507,4.57599785527135,4.73955398911848e-06,0.000445131889096542
"Slc25a13",27.219802424395,-1.38761898467225,0.304196777509839,-4.56158344618679,5.07692916190398e-06,0.000473311653263093
"Etfb",112.784394360919,-1.22088853100244,0.267864026995515,-4.5578667083314,5.16758139486763e-06,0.000478246456244721
"Clec4e",2575.56035859486,2.20010930529133,0.482894475272451,4.55608713280478,5.21153248175458e-06,0.000478818987943234
"Rpl10a",866.433075681377,-1.33631612929952,0.293843632531394,-4.54771171247603,5.42323539301547e-06,0.000494684903223332
"Cd33",113.042575824855,1.41134600988331,0.311237395858223,4.5346286425241,5.77049230231764e-06,0.000522600513579181
"Oas3",572.603962630322,2.16946487708951,0.478666244248183,4.53231223876456,5.83415267893769e-06,0.000524618594441497
"Treml1",9.29641036364645,-2.18556680244393,0.483519721531174,-4.52011925288765,6.18048067154476e-06,0.000551847284750113
"Wdr81",121.797461155274,-0.840449714503298,0.186784989812248,-4.49955703265076,6.80952092272578e-06,0.000603761648805876
"Filip1l",143.540754204781,1.66897762347321,0.371548121252372,4.4919554911154,7.05721745511548e-06,0.000621378195232008
"N4bp1",284.399666473048,1.16227298588143,0.259919417712876,4.4716666269442,7.761235178449e-06,0.000678653109155551
"Sowahc",102.081710868313,0.985762747298381,0.220726633820663,4.46598912979073,7.96996566345822e-06,0.000692131470184841
"Vnn3",21.4234968351817,3.59149817119538,0.805899889869745,4.45650659137807,8.33060407769499e-06,0.000718528769395202
"Cd1d1",100.872924701026,1.6159165493975,0.363032877837477,4.45115758942614,8.54086337311611e-06,0.000730839124683669
"Ebi3",249.661899226291,1.43901564764398,0.323377182338019,4.44996037518754,8.58861342202593e-06,0.000730839124683669
"Aldoc",88.0368719891913,0.928915811408797,0.209227932023333,4.43973136103647,9.00712384205696e-06,0.000757048315171802
"Fcgr2b",779.604518248463,1.008880630226,0.22731174515214,4.43831280935684,9.0666787461181e-06,0.000757048315171802
"Ms4a7",429.673484012307,1.96703701619673,0.443216250216495,4.43809768986562,9.0757428745259e-06,0.000757048315171802
"Actb",17541.0572529622,-1.2400249172522,0.280096335223318,-4.42713724284733,9.54919784609e-06,0.000791335160069118
"Cirbp",62.1978128959847,-1.29665647703979,0.293071168284876,-4.42437406800587,9.67223038707629e-06,0.000796326032972339
"Wnt6",19.6955766758225,2.82100579285235,0.640168401049488,4.40666204115607,1.04975783059487e-05,0.000858701905426602
"Gcnt2",47.2926549218255,1.57360286277488,0.357297418061384,4.40418201540021,1.06183764890255e-05,0.00086301535579714
"Tmem38b",68.7298683400738,1.00657302390408,0.228665753138523,4.40194043090621,1.0728701644747e-05,0.000866428077412401
"Cst7",131.153375256262,1.44640481906862,0.329271768765435,4.39273863195663,1.119316628087e-05,0.00089821617262754
"Mpdu1",243.873843690656,-0.684356223596596,0.156033579161381,-4.38595478790361,1.15478107782623e-05,0.000920847124890487
"Gimap6",160.61930979639,-1.93426935502991,0.441700456911013,-4.37914275334245,1.19147067604064e-05,0.000944166043844958
"5830432E09Rik",22.5940415721498,1.84766687511623,0.422238745360408,4.37588188061501,1.20942498220729e-05,0.000952440953379266
"Pparg",14.0061672124872,-1.74661333081756,0.399344833206909,-4.37369707976816,1.22159859715778e-05,0.000956089420577995
"Slc26a11",57.2772794370745,-1.02583948730697,0.235650143277291,-4.3532309084992,1.34145726202012e-05,0.00104345623467197
"S1pr1",186.450560873555,1.57089247010568,0.361376016651296,4.3469748896521,1.38028014111007e-05,0.00106710804323991
"Cybb",4048.97073976355,0.841444519701409,0.193939139351535,4.33870400020804,1.43325406819542e-05,0.00110134717155453
"Fcgr1",46.6178718867495,2.48470106624583,0.572917343855335,4.33692764391721,1.44488162235953e-05,0.00110359361987328
"Stat2",742.923852884007,1.18883100307072,0.274853691995177,4.32532302710194,1.52308504700674e-05,0.00115635900065859
"Scp2-ps2",8.88335828559495,-2.81163293444618,0.650949925106852,-4.31927683835997,1.56541313162733e-05,0.00118142101761327
"Pdlim4",45.4450643265833,-1.55473885209096,0.360395102760311,-4.31398440262653,1.60338263580015e-05,0.00120291647569882
"Tlr2",645.200694247335,1.25916164392091,0.292158910006314,4.30985193603609,1.63363886075601e-05,0.00121840630091327
"Gm21188",91.3926934235467,1.79185464938305,0.415985735343894,4.30749061119062,1.65117102161644e-05,0.00122428054871783
"Srgn",4908.11492816495,1.02537267349918,0.238479668321472,4.29962302747322,1.71088879225289e-05,0.00125389358364013
"Uchl1",273.365110065124,-0.893762759823481,0.207848450153959,-4.30006939749345,1.70744632478015e-05,0.00125389358364013
"Cnn2",931.745787320481,-0.737136384718839,0.171930610234616,-4.28740631882214,1.80771454300438e-05,0.00131101606458401
"Procr",1585.77071948324,1.70039470446915,0.396622593298398,4.28718568533453,1.80951030288037e-05,0.00131101606458401
"G3bp1",30.6668162686062,-1.26592434008547,0.296259591819543,-4.27302397978246,1.92839709036483e-05,0.00138136422083252
"Slco4a1",278.078664055725,1.62963963287634,0.381311649424324,4.27377352707856,1.92192253326541e-05,0.00138136422083252
"Ncf4",634.777925202856,0.585790536215712,0.137136862671783,4.27157603581552,1.94096323843701e-05,0.0013825546573114
"Cd72",254.881331295298,0.848369660792782,0.199734217153516,4.24749285767458,2.1617605442879e-05,0.00153122692407968
"Pnp2",52.9953503751232,2.63006911928707,0.619544089343665,4.2451686078925,2.18429111110359e-05,0.00153859038876013
"Glrx",363.985617751435,1.40740386601039,0.332021263513849,4.23889678364438,2.24620896265482e-05,0.00157346317334257
"Rab32",371.956078172521,0.974156026334006,0.230393468753304,4.22822761255047,2.35539446696402e-05,0.00164088167289213
"Cd38",141.201366380831,2.42608513084166,0.57430633221225,4.22437468431923,2.39605131487369e-05,0.00165185850300491
"Nfkbie",476.541953873518,1.1181095130135,0.264863190066922,4.22146056887329,2.42724419141049e-05,0.00165185850300491
"Oasl1",1635.30781822112,1.3567806127837,0.321464618734097,4.22062190895719,2.43629261031562e-05,0.00165185850300491
"Trbc2",377.340308754951,-2.30988603004254,0.546857914655623,-4.22392356065132,2.40085509234602e-05,0.00165185850300491
"Ubc",4920.33007562935,0.542753722182043,0.128590961572321,4.22077660471333,2.43462116607723e-05,0.00165185850300491
"Cfb",21.9459948577942,4.2580488265283,1.01019750697416,4.2150656650128,2.49705523865972e-05,0.00168184466842964
"Nfkbiz",251.297768685815,2.07143328775158,0.491540712815757,4.21416422636798,2.50704820832244e-05,0.00168184466842964
"Ccl9",174.778104055563,-1.28334882468409,0.305146021093654,-4.20568755930201,2.60289619904487e-05,0.00171636556031225
"Sema4a",297.088110266391,1.00294590419731,0.238429271246693,4.20647137389268,2.59388922184125e-05,0.00171636556031225
"Snhg6",322.558605152933,1.68106018601115,0.399766236021084,4.20510797195612,2.60957547947043e-05,0.00171636556031225
"Tarm1",514.900878900094,2.7354729465413,0.650553210363829,4.20484120739556,2.61265520262059e-05,0.00171636556031225
"Mmp19",232.579672762715,-1.57001924242031,0.373856901986834,-4.19951921196737,2.67482335367962e-05,0.00173918386160533
"Nes",16.0263253294885,-2.73623134841568,0.651513018897175,-4.19981070070916,2.67138226670354e-05,0.00173918386160533
"B430306N03Rik",52.6152663058221,-1.18310416305229,0.282426534952055,-4.18906871924459,2.80101576378676e-05,0.00181194279944144
"Ifi203",275.438163607809,1.92678051387675,0.460747942529505,4.18185375565376,2.89141937379281e-05,0.00186092925077761
"Jup",76.2238858625455,-1.42100922377181,0.340028684041483,-4.17908632554791,2.9268258100881e-05,0.00187420325485389
"Lgals1",1455.16686507769,-1.27963845706145,0.307098162920981,-4.16687109063139,3.08809007941452e-05,0.00196753236768325
"Mcl1",1178.30163513874,0.668667045563023,0.160930737035526,4.15499896340756,3.25289017018637e-05,0.00206216972338965
"Slc31a2",427.55237381574,0.964328267783315,0.232337444645034,4.15055037407602,3.31676758321332e-05,0.00209220379042596
"C1ra",28.811707765778,1.69775631975432,0.409452857539567,4.14640242091913,3.37740017217334e-05,0.0021134437665206
"Gm6392",5.83951844170886,-2.5603934062865,0.61772968555617,-4.14484436502556,3.40044584249706e-05,0.0021134437665206
"Tmem134",366.348388178453,0.552062747748319,0.133186556235515,4.14503357810453,3.39763918828944e-05,0.0021134437665206
"Alox5ap",612.88095308652,0.614297838737955,0.148829851859495,4.12751763885307,3.66700311589757e-05,0.00226799670763246
"Phf11b",577.124467043743,1.65642780484996,0.402144752620164,4.11898400776723,3.80546553450259e-05,0.0023345368099546
"Pkig",215.903985217512,0.97564234686641,0.23688550631868,4.11862406454655,3.81141351573943e-05,0.0023345368099546
"Lpcat2",265.779499793923,0.837790888290254,0.203558004259156,4.11573542066976,3.85946832826017e-05,0.00235260571798128
"Alox12",5.00074963400929,-3.56150988562461,0.866237579644094,-4.11147007393504,3.93147839145029e-05,0.00236288437941486
"Ryr1",19.4419416450862,-1.76935828790185,0.430248928419441,-4.11240603062453,3.91556865392723e-05,0.00236288437941486
"Zyx",1555.87748604642,-1.00813380385418,0.24520299014531,-4.11142540821687,3.93223916757265e-05,0.00236288437941486
"Vegfa",312.33678769149,1.58516767680731,0.386567100053192,4.10062748896425,4.12031363983238e-05,0.00246421965280353
"Lpin1",71.9391180421899,-1.20937083294958,0.295765617186503,-4.08895004244858,4.33330157289225e-05,0.00257943336350708
"Pkdcc",67.4459377598685,-0.96131979210011,0.235283009088051,-4.08580201275967,4.39248230181493e-05,0.00260244313573418
"Spaca6",29.6471021437011,1.59016243752852,0.390475846074626,4.07237080990821,4.65370133287893e-05,0.00274438507904986
"Bhlhe40",364.384112141969,-1.00160997058583,0.246599016853287,-4.06169490603337,4.87177196413376e-05,0.00283744920064012
"Mir6236",38.5286762114091,-2.85221235990606,0.701979896348212,-4.06309692733885,4.8425908981104e-05,0.00283744920064012
"mt-Nd4",555.574474506201,-1.55986626988973,0.384074325107209,-4.06136564701198,4.87864915008712e-05,0.00283744920064012
"Ms4a6d",403.203683314348,2.00165370387004,0.495405481195842,4.04043511799328,5.33521239433164e-05,0.00308881999761328
"F2rl2",5.96135601331012,-3.33108285755549,0.825243678001428,-4.03648394571491,5.42582367262329e-05,0.00311691926619169
"Helz2",1062.22029487748,1.2729822181968,0.315393028625669,4.03617741249336,5.4329139350766e-05,0.00311691926619169
"Marco",88.7468003848891,2.91907994249533,0.723728253609744,4.03339226834909,5.49773912919732e-05,0.00313990245131049
"Tkt",932.570367609623,-0.836579759979798,0.207738512581988,-4.02708072558105,5.6473647696199e-05,0.00321089407686147
"Gsap",130.295959683915,0.945210600052614,0.235398626388492,4.01536157858746,5.93547269279132e-05,0.00332990523326996
"Lmna",235.629730813921,-0.80801064492769,0.20118205813038,-4.01631563190413,5.91150710132482e-05,0.00332990523326996
"Trib1",46.4502083379812,1.22277357046273,0.304410478751914,4.01685768333637,5.89793175035131e-05,0.00332990523326996
"Fibp",159.415618700091,-0.602892023115966,0.150319940802962,-4.01072552247897,6.05324491019776e-05,0.00338101727825539
"Slc39a4",128.573298773119,1.7942245776318,0.447740473205097,4.00728699996239,6.14202104080251e-05,0.00341555634983926
"Tmem202",16.0768405180207,-1.35050047483221,0.337286958826927,-4.00401035228047,6.22776374807986e-05,0.00344811426034518
"Adar",356.029673136971,0.898667608953738,0.225484181193948,3.98550179527121,6.73376681324292e-05,0.00370980462975755
"Atp6v1b2",765.052088170006,-0.758696030192848,0.190406306260949,-3.98461608279438,6.75893106297021e-05,0.00370980462975755
"Klhl21",82.8969677716933,-0.812911612132018,0.20432479109914,-3.97852657897782,6.93436605052953e-05,0.00378969082563206
"Pik3cg",130.259818665958,0.801965119181025,0.20179929142667,3.97407301835074,7.06538870264378e-05,0.00384472374939144
"Mcemp1",78.415566825602,2.56820425463163,0.646634303896408,3.9716486415219,7.13769423598999e-05,0.0038674711631674
"Adgrg6",43.0969240711956,-1.74665509773978,0.442047576587729,-3.9512830524321,7.77333200426561e-05,0.00417618968144422
"Rpsa-ps12",10.3819490128251,-2.8150623718942,0.712331939122761,-3.9518968858268,7.75341505745357e-05,0.00417618968144422
"Pdgfb",81.1304167954994,-1.25671139417715,0.318152456464448,-3.950028889114,7.81417610677363e-05,0.00418041936108789
"Pla2g7",4116.27537181755,0.555408910437808,0.14077110331,3.9454752955563,7.96418433326958e-05,0.00424276862023215
"Inhba",3649.78597990974,1.81320473951401,0.460432184226793,3.93804951441206,8.2146645565262e-05,0.00435789673272785
"Etv5",12.1862260444596,-1.85826775040948,0.472253679280997,-3.93489311346114,8.32337298891774e-05,0.00437892307578788
"Slc35f6",109.344818042936,-0.969672247717006,0.24640521258458,-3.93527489758018,8.31015219123705e-05,0.00437892307578788
"Ggta1",316.946362498125,1.04497070558118,0.266228015690362,3.92509669905117,8.66949049598046e-05,0.00454216818175769
"Zbp1",915.805094621872,1.52076652223143,0.387581319820084,3.92373534136622,8.71865132626984e-05,0.00454912675579322
"Card11",77.2160397788104,-1.66709905047998,0.425421940456338,-3.91869551601342,8.90294960716011e-05,0.00462624992086816
"Mir703",810.741245373205,-1.30500383241205,0.333262484267142,-3.91584379886566,9.00885641216679e-05,0.00466217512040256
"Asph",30.4780973662046,-1.01099647959361,0.258800672957733,-3.90646773843098,9.3655140900413e-05,0.0048031229753617
"Atp1b3",1740.3954682217,0.576885471124544,0.147739341026257,3.90475189016861,9.43221038623528e-05,0.0048031229753617
"Gpr18",127.183050360435,2.7130433459524,0.694808000523352,3.90473820668277,9.43274407181215e-05,0.0048031229753617
"Sms-ps",6.98062876812099,-2.96429453299265,0.758710681482413,-3.90701568508412,9.34430899373681e-05,0.0048031229753617
"Stxbp1",135.417795056794,0.768559641210041,0.196926607637183,3.90277195363073,9.5097293545882e-05,0.00482295433947295
"Atxn7l1",143.083959606833,1.17288960585304,0.300730168788167,3.9001394857701,9.61372838837032e-05,0.00483700246968838
"Stat1",1870.61160278324,1.08064671674841,0.277054673159338,3.9004818234086,9.60014340798916e-05,0.00483700246968838
"Cd47",833.293634766024,0.809890303328404,0.207764846435765,3.89811037440734,9.69462297306735e-05,0.00485842390021822
"Tnfsf9",93.982849239964,1.85443440521894,0.476049597328344,3.89546470709413,9.80106335201242e-05,0.00489242843465218
"Csde1",794.461097369786,0.439751583246212,0.113091988339903,3.88844152182133,0.000100889971319513,0.00501640763278475
"Rplp2",5057.32088251567,-0.851397774727994,0.219067595041701,-3.88646150319916,0.000101716048435021,0.00503772569573292
"Sh3bp5",239.087278701632,0.995399350369059,0.256186257480004,3.88545178090497,0.000102139765371303,0.00503902756864881
"Asns",107.819357096517,-1.4185816637979,0.365297614266974,-3.88335868725698,0.000103023417045886,0.0050629221113364
"Pnp",1577.72462155014,0.806677154782547,0.207825720523369,3.88150779774075,0.000103810822744741,0.00508192054664313
"Ctsb",626.10214466505,-1.19209120378033,0.307530146192253,-3.87633933954266,0.000106039771262494,0.00517107023014291
"Serpina3f",74.7685598548401,-3.39758593271256,0.877699970702236,-3.87101064842715,0.000108385056792076,0.00526518825696065
"Msl1",435.142809350371,0.40991067236233,0.105934002964084,3.86949101226078,0.000109062801545688,0.00527789030838847
"Mif",455.736975520945,1.10870212207012,0.287157781108916,3.86095099979059,0.000112946554887337,0.00542442942960815
"Nt5c2",107.886155434223,-0.626706713725227,0.162292632973248,-3.86158448626889,0.000112654042059271,0.00542442942960815
"Tspan14",94.8910892450307,-0.861406560904834,0.223172304864982,-3.85982732680913,0.000113467174912858,0.00542886909705707
"Gm8797",15.029840268144,-3.53081470856334,0.915708747714844,-3.85582721293698,0.000115338937203923,0.00549767813837799
"Adgre5",341.038148059149,-0.857504067108865,0.222459097551057,-3.85465947020692,0.000115890823465068,0.00550329494649287
"Gm40932",17.182007297567,1.87675083050749,0.487018368504974,3.85355245689943,0.000116416307179096,0.00550762074150654
"6530402F18Rik",70.051663816059,1.64359383074904,0.427261924196876,3.84680622744116,0.000119667537247101,0.00557817906160294
"Fcer1g",2755.99274615809,0.705500376978132,0.18334724950935,3.84789179475613,0.000119138649930161,0.00557817906160294
"Gm5150",17.6320072163306,1.59183568463377,0.413767841920923,3.84717110262521,0.000119489523915873,0.00557817906160294
"Tmsb10",456.315918135873,-1.65079022663028,0.428847059829269,-3.84936818101886,0.000118422892406523,0.00557817906160294
"Egln3",43.9732583673443,2.86516767899679,0.745418008547213,3.84370600943876,0.000121190175573759,0.00559277808181361
"Pttg1",267.895767211771,1.05994402217839,0.275863677298131,3.84227467914482,0.000121899304444989,0.00559277808181361
"Rbm8a2",3.86180269703084,-5.87136604138689,1.52832587897644,-3.84169771784477,0.000122186255119676,0.00559277808181361
"Rras2",93.2857815860631,-1.02588249844672,0.266815414750293,-3.84491465535012,0.000120594402569265,0.00559277808181361
"Trac",123.888250282986,-1.95536409998663,0.508858736635317,-3.84264621831181,0.00012171485652569,0.00559277808181361
"Gas2l3",88.9389406674815,-0.87451610729157,0.227932519183467,-3.83673251374744,0.000124682146896732,0.00568649259173978
"mt-Nd2",46.9852514266066,-3.98909702138981,1.04169552069611,-3.82942706590896,0.000128441941713843,0.0058369726845513
"Csnk1e",179.986239875842,-0.708407169831681,0.185089010690852,-3.82738644065104,0.00012951110185072,0.0058645402155903
"Gm15564",6.17362148041647,-6.22781220776626,1.62829179937843,-3.8247519333719,0.000130903825559231,0.00590651104720816
"F3",16.0278516009076,-1.90668906181704,0.49880687600699,-3.82249955549994,0.000132105716834446,0.00593960419767355
"Car13",83.2962504306623,1.7633595858774,0.46299528441893,3.80859081122275,0.000139761018337652,0.00626158993463989
"Acp3",249.311925682068,1.56718581600983,0.411976016583806,3.80407051120422,0.000142337635151666,0.00631013593037754
"Bst1",535.797879792135,1.33002035150012,0.349574133987005,3.8046875388943,0.000141983305337287,0.00631013593037754
"Gm3379",4.26599829015604,-3.35682643670311,0.882143595613606,-3.80530613541229,0.000141628908637264,0.00631013593037754
"Cln5",264.18870013461,0.960025166957725,0.253108444282716,3.79294009600644,0.000148874080158624,0.00655778997027378
"Nod1",73.9239830163792,1.66903783904645,0.440058082432759,3.79276714978069,0.000148977839620427,0.00655778997027378
"Zfp90",43.8558118171438,-0.983439228941367,0.259349957889188,-3.79193903459803,0.000149475613329846,0.00655778997027378
"Ppfibp2",544.273359604621,0.763559124526158,0.201600675236035,3.7874829716328,0.000152181110983164,0.00665346312467425
"Mrc1",20.6899349575823,-1.75900519229388,0.464588072578709,-3.7861608941669,0.000152992635289067,0.00666595746677005
"Rpl19-ps7",12.54836852705,-5.48401995574581,1.4501875910527,-3.78159349147714,0.00015582767771241,0.00676622988258784
"Slamf6",42.171677621742,2.6481121096704,0.701015876037953,3.77753514604714,0.000158388158848132,0.00685393674414834
"Dnmt3l",32.8970371007781,2.61689628773261,0.693571393910121,3.77307413585706,0.000161248347514532,0.00693039931571781
"Flrt3",107.926662617832,1.94235696643144,0.514688226651753,3.77385155877224,0.000160746428980173,0.00693039931571781
"Gm36161",97.4879644233225,1.65519791919546,0.43981531348787,3.76339310714135,0.000167623393637769,0.00718005745923401
"Txnip",447.892864389952,-0.607593151970955,0.161569981930809,-3.76055715740039,0.00016953533046251,0.00723750321526655
"Atp8a1",26.1409974169392,-1.34802691484796,0.358910299362892,-3.75588807911299,0.000172727877066518,0.00734904950780666
"Zc3h12c",60.8961915651466,1.39150607017127,0.370729038313451,3.75343155341059,0.000174430176742001,0.0073966562237854
"Mcf2l",17.2740356265074,-1.35714356018826,0.361884111549331,-3.75021593066888,0.000176682359593622,0.00746718545762513
"Dusp2",258.815797232299,-1.35231400466371,0.360833229983358,-3.74775351129961,0.000178425465203558,0.00751580223692995
"Ampd3",318.473499516808,1.22320663542774,0.32707931974237,3.73978592223812,0.000184177044362246,0.00769447845071652
"Hbb-bt",10969.5986588612,-3.61109285907525,0.965333203278796,-3.74077349334925,0.000183454797631109,0.00769447845071652
"Parp14",1591.67840617079,1.14657867129804,0.306624138858641,3.73936205924944,0.000184487849910705,0.00769447845071652
"Rhoq",128.411580140836,0.851152741140907,0.22784515639929,3.73566309063552,0.00018722119242313,0.00778287704502578
"Tesc",10.0200837887701,-3.52372407115957,0.943587578023162,-3.73439005899363,0.000188170667705778,0.00779678397333842
"Id3",149.397437362759,-2.11474323128685,0.566713149570056,-3.73159372231123,0.00019027219454283,0.00785817965670533
"Ankmy1",7.66328487019748,-3.79010122892499,1.01661621921279,-3.72815341453023,0.000192887949646281,0.00789063480446658
"Igkc",1798.08633443018,-1.39636776596832,0.374553494923847,-3.72808633450937,0.000192939286622537,0.00789063480446658
"Parp10",343.088632254524,0.841663429673977,0.225859960789414,3.72648355526248,0.00019416973412679,0.00789063480446658
"Sec11c",678.24326841922,0.385917958865272,0.103557276117216,3.72661365125568,0.000194069585607566,0.00789063480446658
"Serpina3g",216.666161266289,-2.19993616094707,0.590098961252098,-3.72808004318318,0.00019294410209269,0.00789063480446658
"Eif5a",1323.39840478649,-0.607512300875347,0.163147982830927,-3.72368870478111,0.000196332987736639,0.00790606855253848
"Ets2",310.813174654605,1.13007540486631,0.303491914145273,3.7235766496414,0.000196420190397478,0.00790606855253848
"Phka2",57.0409269651143,-1.0649757523381,0.285964841955978,-3.72414925224284,0.000195974966008809,0.00790606855253848
"Tob2",187.653439602483,-0.574687258492055,0.154595741573917,-3.7173550360524,0.000201319434296657,0.00807762375774465
"Gys1",46.2646126197439,1.51916903774959,0.409020521090472,3.71416337180197,0.000203877058087474,0.00815443917820532
"Matk",124.214751987213,-1.84063103664987,0.496680469502783,-3.70586554066136,0.000210670047318865,0.00839964003130784
"Dhcr24",46.5407167422847,-1.05576812887509,0.285351092703803,-3.699891662833,0.000215691524386081,0.00857289290812265
"Rnf130",698.280226586894,0.626986422310224,0.169593952046901,3.69698574001526,0.000218174592599467,0.008644486436152
"Gm13586",3.94390677627589,-6.52487097546392,1.765436817222,-3.69589605915839,0.000219112608622789,0.008654606743702
"Dusp3",334.519932277406,-0.81121433805078,0.219888085110165,-3.6892146186291,0.00022494740037149,0.0088574785382302
"Retnla",59.6132118931945,-3.7890936576797,1.02780356529353,-3.68659322231245,0.000227276209403759,0.00889393536737736
"Rps3",5134.88557475104,-0.559178064773088,0.151648520516952,-3.68732950949284,0.000226619827764238,0.00889393536737736
"Cd74",5642.18399428715,-1.45743189442336,0.396096266472656,-3.6794890984512,0.000233701678855446,0.00911724180371754
"Mirt2",25.5947742990984,3.70529201035777,1.00795278671332,3.67605711219847,0.000236866516454044,0.0092123636874872
"Inf2",178.886266266753,-0.785421962406544,0.213775234583605,-3.6740549668272,0.000238731340791542,0.00922533895562699
"Klk1b1",78.3835462183224,-1.98825139665109,0.541262504245279,-3.67335882507409,0.000239382957362669,0.00922533895562699
"Ppp2ca",19.6046518779239,-1.32115419728084,0.359531822471979,-3.67465162943623,0.000238174165530806,0.00922533895562699
"Atp1a1",777.769424670786,-0.561919486076434,0.15311955231806,-3.66980883609961,0.000242731921432231,0.00932605464193714
"Chmp2a",557.57964051402,-0.445782514552481,0.121620268965293,-3.66536366302311,0.000246987363005429,0.00946088451826537
"Kmt2e",199.375354505992,0.532442794680974,0.145352932970759,3.6631032054103,0.000249178083577631,0.00951605096891801
"Gpr84",135.844470121758,2.406752477219,0.657852897307078,3.65849643145306,0.000253699272778809,0.00965961885754509
"Gm49249",13.1968864382659,2.12053537121028,0.579794978824859,3.65738829871936,0.000254798238807183,0.00967241577795291
"Litaf",1010.37255000459,-0.448081170516097,0.122551601731256,-3.65626531343669,0.000255916487732102,0.00968586611329947
"Atp6v0a1",292.630310901189,-1.19119035970863,0.326018450567004,-3.65375136786565,0.000258436534992136,0.00975213341418243
"Slc6a13",38.2876528664918,1.86476408552522,0.510522558939204,3.65265756208686,0.000259540243925152,0.0097647203345015
"Mcm5",45.7645011875315,-1.28616830604165,0.352498707839351,-3.64871778942183,0.000263552423660386,0.00988633485085809
"Mettl27",27.70119881909,-1.06731361298466,0.292672527795209,-3.64678441473498,0.00026554253146417,0.00990239340127707
"Rbm3",52.5302053444794,-1.21477291217153,0.333040075506889,-3.6475277346807,0.00026477573832921,0.00990239340127707
"Gfer",123.386232055072,0.681278369604513,0.18685660085948,3.64599573400592,0.000266358393726119,0.0099036893667257
"F630028O10Rik",7.93117925686658,-6.30528068902532,1.73067135621241,-3.64325709002574,0.000269209707392129,0.00998043824568657
"Tbcb",313.208095742534,-0.533987864718682,0.146743084215689,-3.63893036304051,0.000273772811368029,0.0101200159630765
"Rnf213",1475.28414199251,1.38674943674566,0.381411834754845,3.63583221699716,0.000277084642920116,0.0102126633360004
"Nabp1",105.376048371256,0.928461392994307,0.255617299106442,3.63223223248159,0.000280980076369268,0.0103262214153216
"Ptprs",131.422288901203,-0.864312261724821,0.238159980881304,-3.6291246687477,0.000284383884611244,0.010421107725393
"Crat",70.7345904237857,-0.653369928792588,0.180744646899242,-3.61487844869241,0.000300488572012368,0.0109795233560369
"Rps3a1",2612.52856008155,-0.738406686965376,0.204806163198572,-3.60539290143063,0.000311681011903826,0.0113557573273811
"Ggh",236.102763024423,0.639993949410624,0.177746524087378,3.60059895796337,0.000317484962996199,0.0115340740568161
"Arl5c",240.635552144064,1.22358153774026,0.340274272957728,3.59586849486052,0.000323311105954005,0.0117121757496881
"Nab1",81.911659490891,1.13756316370013,0.31720867175177,3.58616666252531,0.000335574536667962,0.0121217935909205
"Il1b",2223.90692521246,4.44566690195953,1.24006149921015,3.58503743950696,0.000337029853053372,0.0121397770081355
"Clec2i",60.690660163991,-2.32127282704425,0.647870461213346,-3.58292739986466,0.000339765062099192,0.0122036295250869
"Fgd3",113.16879241473,0.865137896382146,0.241616444103833,3.58062506710163,0.000342773223011142,0.0122453037613221
"Pkmyt1",41.9672803619104,-1.48953879613847,0.416007066667595,-3.58056128245693,0.000342856915787471,0.0122453037613221
"Renbp",313.220341923762,-0.668249544309121,0.1869462692833,-3.57455405165882,0.000350825334860423,0.0124947034289194
"Cdkn2d",105.636770112697,0.810102728582725,0.226734992318745,3.57290562121915,0.000353042027701011,0.0125034074559249
"Fas",67.3499386551148,1.76834171552202,0.494858338813274,3.57343016541402,0.00035233524069956,0.0125034074559249
"2410002F23Rik",54.455563309252,-1.3985475051741,0.392027015397676,-3.56747736825075,0.000360434498616531,0.0127296629748162
"Mir22hg",278.998522742932,-0.872663278177066,0.24471825263681,-3.56599178350704,0.00036248272798737,0.012765096519692
"Susd2",4.06985848444208,4.90200203030032,1.37492303096134,3.56529196174194,0.000363451363956843,0.012765096519692
"Rab7b",375.219301964797,-0.956246396378407,0.268294758975158,-3.56416353428264,0.000365018339919178,0.0127847169387714
"Rpsa",3279.20034080837,-0.681635453005435,0.19146577833422,-3.56009026226912,0.000370727344036631,0.0129489035676045
"Gbp5",391.18978446457,-1.46350660709265,0.411324327850763,-3.55803561325854,0.000373638663833029,0.0130147379635686
"Shb",54.0795722831151,0.965309134155553,0.271395133187438,3.55684025287538,0.000375342240584455,0.0130382582695077
"Cxcl3",7489.63409082625,3.3379300846121,0.93881339254243,3.55547770315946,0.000377292942421812,0.0130702109753174
"Wdr1",870.252237448349,-0.468484842674903,0.131813053240344,-3.55416122423537,0.000379186684387452,0.0131000217202956
"Pdgfa",163.434626360703,-1.16574288824138,0.328139379365262,-3.55258454653122,0.000381466411192965,0.0131429690965098
"Cd34",5.9579612190822,-2.52311920541028,0.710877801792196,-3.54930087709764,0.000386255468547201,0.0132719053813278
"Dhx58",390.529252694448,1.42716988860252,0.402499645573532,3.54576682066119,0.000391472445435739,0.0134148084748101
"E230032D23Rik",27.979164174103,1.32436983479989,0.374367483262961,3.53761983614808,0.000403750922465374,0.0137982693960606
"Mthfr",241.267222187028,1.05295244381476,0.299004717002556,3.5215245243297,0.000429072977331834,0.0146242373107267
"Tap1",1327.04145770674,0.894006801224837,0.253934526631577,3.52061932295609,0.000430540231471729,0.0146349050799733
"Hcls1",696.724403458883,0.698917558022066,0.198625937484208,3.5187627903714,0.000433564180313628,0.0146982894176377
"Gm4600",10.969911138987,-2.61882886847731,0.746165497918211,-3.50971584157107,0.000448585810865705,0.0151669853225767
"Golph3l",139.26981301652,0.805034560359381,0.229527968986954,3.50734842430091,0.000452596115892931,0.0152618780675704
"Lsp1",1144.58955440343,-1.06598763702431,0.304108264287208,-3.50528993193544,0.000456110283496041,0.0153038674219199
"Suco",50.9118695953682,-0.884035150199609,0.252206385758901,-3.50520526091957,0.000456255373884828,0.0153038674219199
"Znrf1",393.080069412493,0.582856055475367,0.166510983869751,3.50040605087825,0.000464549954302034,0.015540973273339
"Septin11",142.829863722406,-0.850090021192401,0.243094620375132,-3.49695118666379,0.000470607935647789,0.0157022053054693
"Fn1",692.05278630041,-1.82308813392616,0.521621088850099,-3.49504299748522,0.000473985390803151,0.015773387847751
"Cxcl5",221.800334080843,3.75441464788028,1.07455976813127,3.49390956113076,0.000476002239683048,0.0157990376883282
"Papss2",63.8340651756336,-1.0178271016182,0.291726831923552,-3.48897321136688,0.000484879739408429,0.0160098703540611
"Tmc8",90.9012579873687,-0.940338832663389,0.269509520621514,-3.48907463637975,0.000484695793875609,0.0160098703540611
"Isyna1",176.55617366529,-0.723637895094866,0.207685254905048,-3.48430077727814,0.000493424646672967,0.0162496911562768
"Tet3",45.0530827006463,-0.899292981873954,0.258236934699392,-3.48243361438905,0.000496878402002415,0.0163210395310586
"Akna",151.069529636642,0.757066204854144,0.217597274301112,3.47920812558761,0.00050289785436608,0.0164760772493735
"Eif4a1",802.908443971596,-0.610146873780136,0.175583480588404,-3.47496741570135,0.000510915407142385,0.0166956093998925
"Siglec1",6.12053291111034,3.06441809124243,0.882037799942462,3.47424803272868,0.000512287247725827,0.0166974036347449
"Gsk3b",95.9074740004915,-0.690271479683335,0.198911378401276,-3.47024632392225,0.00051998126109107,0.0169047241265992
"Gm15500",108.899602857842,-0.873008447232634,0.251690961879221,-3.46857289079599,0.000523230565621428,0.0169668550933864
"Mcrip1",85.3405175516315,-0.868045615583855,0.251366739471485,-3.45330339809068,0.000553765794154306,0.0179112155716389
"Gatad2a",341.300456349901,-0.449974609956741,0.130356959260212,-3.45186488324359,0.000556726440098446,0.0179611565750845
"Itprip",73.7104544366627,1.25142823530529,0.362625056864632,3.45102527146229,0.000558461274610571,0.0179713972101204
"Epcam",4.37890723479682,-4.78116981557019,1.3868957066057,-3.44738958581945,0.000566031718477879,0.0181689016672937
"Rassf8",209.611827712457,-0.869115322739715,0.252615796004653,-3.44046309251265,0.00058071963265385,0.0185701520797054
"Ucp2",132.547322706429,-2.07718487819952,0.603876343227544,-3.4397520311817,0.000582247384912616,0.0185701520797054
"Upp1",116.050374980193,3.35310073280775,0.974898231624725,3.43943667557957,0.000582926139894531,0.0185701520797054
"Ldha",2166.6900090946,0.668848872934462,0.194540942990716,3.43808795543045,0.000585837375857721,0.0186161205225565
"Pcnx",73.2258376123236,0.745566603027521,0.217264648106623,3.43160569160626,0.000600019272775505,0.0190191108988016
"Bzw2",89.6011018089943,-0.937714469111429,0.273511263147976,-3.4284309111033,0.000607081031774794,0.0191949635956923
"Emp2",32.408574645127,-1.30365087631067,0.380402968331758,-3.42702603512213,0.000610230559763914,0.0192290580601046
"Hbb-bs",26925.2333304115,-3.37456742300119,0.984815596548085,-3.42659827365601,0.000611192554477653,0.0192290580601046
"Ndufb7",459.044141278747,-0.553185780333416,0.161594943261473,-3.42328645419504,0.000618688418887708,0.0194167090670229
"Vars",253.077699509779,-0.756733324016687,0.221479764332356,-3.41671541098952,0.000633814985615003,0.0198423214879324
"Taldo1",3561.87030274234,-0.75613195479168,0.22135700903703,-3.41589343875345,0.000635731192410339,0.0198532901196322
"Oas1b",75.6450111270796,1.71555627281012,0.50253390711994,3.41381198065241,0.000640607678976646,0.0199564244760317
"Rpl10a-ps1",75.8022941284582,-2.19749031297665,0.644153620263913,-3.41143827162894,0.000646211311321938,0.0200816500398305
"Blvrb",1191.24955117887,-0.890704553147287,0.261312732642678,-3.4085769343863,0.000653026683727236,0.0202438271955443
"Hipk1",440.874068040437,0.666128990024251,0.195545507721652,3.40651645637621,0.000657975837279869,0.0203475015631011
"Eef1a2",29.4891586636819,-2.30349432978009,0.676686738344749,-3.40407783875696,0.000663878322875197,0.0204800809141962
"Khdc4",102.028958898284,0.610316888516645,0.179514905138434,3.39981177633131,0.000674322545435553,0.0207517853242169
"Slc7a5",99.8124334257827,-1.75153318437784,0.51567549433277,-3.39658022075324,0.000682335536583284,0.0208969378462306
"Smox",261.401744421471,1.36117252441796,0.400688569954439,3.39708348699025,0.000681081842117122,0.0208969378462306
"Uqcrb",8.42712140580591,-3.63484861642021,1.0704725671945,-3.39555512940087,0.000684895795246139,0.0209248043082549
"Plekhm2",255.361632631157,-0.632605345652467,0.186448872713115,-3.39291590475767,0.000691528646634169,0.0210766627660448
"Gde1",322.507463005319,0.918681755295732,0.270841765114841,3.39195011118834,0.000693970746607575,0.0211003719334231
"Csf3",43.9186237616021,5.6259721962808,1.65907184948324,3.39103589638576,0.00069628980716918,0.0211202355624355
"Knop1",101.231513741812,-0.555171681405217,0.163819417371615,-3.38892477041255,0.000701672581876353,0.0212327128057524
"Dusp11",190.045269065949,-0.617027286476434,0.182289486306927,-3.38487588602627,0.00071210445189319,0.0214970770132232
"Abcg2",4.10887203195675,-3.78576814149251,1.11901519964325,-3.38312486076994,0.000716660417402266,0.021583224304616
"Rac2",101.614467510967,-0.720227089212614,0.213001699852321,-3.38132085195548,0.000721382551914716,0.0216698421587314
"Tmbim1",273.25765712314,0.54862732720202,0.162281080991511,3.38072265633182,0.000722954746679027,0.0216698421587314
"Miip",58.1118675032326,-1.22397337102502,0.362355538354303,-3.37782437818916,0.000730617256919326,0.0218478683973588
"Aph1c",12.9578942869997,-1.60449095505465,0.475377855374734,-3.37519078121518,0.000737645352686119,0.0220061304157819
"Clec4d",2573.17046396262,1.22690210398475,0.364275514539925,3.36806086331197,0.000756988829833711,0.0225301910175156
"Bbc3",62.4883601310639,-1.20004417887778,0.356634144877908,-3.36491666912212,0.000765667796848655,0.0227351334806653
"Ifitm6",66.944915089549,2.41273187105038,0.718048700087007,3.36012288687108,0.000779078107733622,0.0230194001526323
"Larp7",113.770773642073,-0.6155398053522,0.183210867281433,-3.35973413851406,0.000780175109886835,0.0230194001526323
"Tpcn2",66.3647979894449,-0.680795092000025,0.202644570700988,-3.35955258828312,0.000780687914317523,0.0230194001526323
"Ilk",340.728536884647,-0.613966821616916,0.182908945213363,-3.35668012792224,0.000788843178684458,0.0232058994490493
"Pard6b",5.30684398470337,-2.08612520177572,0.621877300199304,-3.35456078089222,0.000794910878353642,0.0233302662653839
"Kif19a",3.79278759300142,-4.70138696744901,1.40275111968071,-3.35154747088645,0.00080361260055538,0.0235311874421285
"Nts",7.5678758781404,4.05195107782308,1.2119701553359,3.34327628447258,0.000827954225252148,0.0241880912948663
"Ddx39b",448.272326312568,-0.587207744295029,0.175714964696862,-3.34181977788893,0.000832310825409454,0.0242086933256445
"Gucy1b1",3.2073891155816,-2.7587118665127,0.82568278556066,-3.34112799098683,0.000834387489810447,0.0242086933256445
"Klf2",217.978507213547,-1.40117361376249,0.41931885923898,-3.34154685125653,0.000833129546341711,0.0242086933256445
"Leng9",19.1512962260191,1.85825239406846,0.556708560118641,3.33792674873267,0.000844059978838827,0.0244334166020491
"Idua",133.419152039081,0.582710903158871,0.174646914578984,3.33650843224796,0.000848378550644138,0.0245024866597199
"Ikbke",318.526215331964,0.550191209117265,0.165113652815819,3.33219694273855,0.000861632575632136,0.0247905059752529
"Rps15a",71.877498801701,-3.87147690933921,1.16190996360749,-3.33199389849371,0.000862261466605137,0.0247905059752529
"Gpi-ps",5.58812575464619,-3.14027531958248,0.942994598825348,-3.33010955046212,0.00086811821468088,0.0248462095799975
"Sap18b",28.9791753148833,-2.5259683502351,0.758502758710399,-3.33020324742092,0.000867826125595898,0.0248462095799975
"Rpl39",17.0560906112215,-3.28025133649429,0.985929071816781,-3.32706624671259,0.000877655060480067,0.0250625867383486
"Tmem170b",80.4232196277076,0.745273684770985,0.224542180002262,3.3190810063547,0.000903142259500858,0.0257324510296885
"Zbtb18",104.364179642942,-0.79487311823981,0.240104480692003,-3.3105301323362,0.00093119425795906,0.0264722242077644
"Ccr2",5.43125725584416,-4.87570586803054,1.4731510970623,-3.30971200289874,0.000933920103702393,0.0264903198989768
"Cdca3",29.491944597261,-1.87579188266208,0.567612377352826,-3.3047057419893,0.000950761641991066,0.0268478994628168
"Syt11",48.1493345639689,1.02917300689539,0.311414999363182,3.30482799158666,0.000950347053373592,0.0268478994628168
"Notch1",242.406998268105,0.967141837467709,0.292764621684168,3.30347919739788,0.000954930540959207,0.0269056985084929
"Ldaf1",83.0028940901298,0.593051624531118,0.179639271011145,3.30134731227185,0.000962216913099763,0.0270508830181639
"Tacc2",25.8236463666144,-1.22826188431017,0.372267201126824,-3.29940935057484,0.0009688851377706,0.0271780855349412
"Serpinb1a",6.99823249302891,-3.0869201268434,0.936032266637075,-3.29787790108339,0.000974184861399914,0.0272664235269084
"Tnnt3",4.63639489060987,-4.24110015628283,1.28636070747556,-3.29697582617075,0.000977319126064869,0.0272938969149262
"Bet1l",121.298286631834,-0.784579363069923,0.238071383187449,-3.29556350942092,0.000982244988267477,0.0273711740796557
"Dnase2a",255.06238596048,-0.931254558265473,0.282680931610543,-3.294366383186,0.000986438302454332,0.0274277439403914
"Klra2",8.56556726091795,3.16668457077981,0.961755307511251,3.29260940495799,0.000992622698521153,0.0275393067714435
"Rwdd2b",21.3806471939409,-1.09175690294654,0.331678974590478,-3.29160720631909,0.000996166400776433,0.0275772790293546
"Dag1",238.210717312284,-0.727409490357401,0.221164332729284,-3.28900000004877,0.00100544023640912,0.0277733698418982
"Gm8174",6.62252869842359,-5.01884974717842,1.52870412889082,-3.28307463316654,0.00102681477104283,0.0282818534182057
"Rps8",4806.92138428268,-0.54961877742714,0.167444587493888,-3.28239201787996,0.00102930399556422,0.0282818534182057
"Ube2c",85.6904012725107,-2.20686210450129,0.672402813072568,-3.28205364641018,0.00103053996996696,0.0282818534182057
"Adamtsl4",10.6377521779127,2.49027023164915,0.75889973089421,3.28142194584109,0.0010328510681774,0.0282840576531777
"Tmem33",205.303306175587,0.596609897384705,0.182086463219962,3.27651977436672,0.00105094953094952,0.028717648928683
"Cmklr1",111.827520070826,1.01732258216307,0.310671020772312,3.27459761014742,0.0010581257654287,0.0287280012416927
"Hyal1",28.1914584945826,-0.987205752529748,0.301462461761681,-3.27472198946672,0.00105766003757749,0.0287280012416927
"Mef2a",215.428994975765,-0.574596619999956,0.175415201066394,-3.27563755311305,0.00105423761860656,0.0287280012416927
"Tmem119",57.9552135926315,1.59767618643315,0.488039250067299,3.27366330927858,0.0010616302462453,0.0287615595985987
"Calm1",2073.42613219567,-0.727556705106828,0.222341714548577,-3.27224563588526,0.00106696832776437,0.0288445446220137
"Ppp1r12b",40.6917733016389,1.51631053831861,0.463583425894302,3.27084717360954,0.00107225839013603,0.0289258811245419
"Calcrl",99.318668769836,1.01759645998146,0.311313045103674,3.26872412186446,0.00108033579960922,0.0290819057393744
"Cd81",320.822496134704,-0.604797267667321,0.185143426163575,-3.26664186895289,0.00108831262118679,0.0291112146076525
"Ldlrap1",25.5422485005003,-1.15389662486672,0.353180100895494,-3.2671620568118,0.0010863147652931,0.0291112146076525
"Wdr91",97.448558507367,-0.964397037194409,0.295127250221661,-3.26773294052,0.00108412610914166,0.0291112146076525
"Poldip3",285.307052133667,-0.51880093157795,0.158945946683725,-3.26400856644853,0.00109847844098475,0.0293212803226224
"Naip2",154.774311831731,0.787383253147735,0.241741066074781,3.25713485893275,0.00112542949936046,0.0299775643327548
"Stk40",265.511281322809,0.798611925191412,0.245262418739349,3.25615285577091,0.00112932935272911,0.030018379168244
"Eef1akmt1",70.1463349041662,-0.63376096157498,0.194882513638806,-3.25201553357214,0.0011458975918911,0.0303950534886762
"Map2k1",468.910206845706,0.719301697737802,0.221296869125552,3.25039256352835,0.0011524580400996,0.0305052515457678
"Ddb1",318.361914970272,-0.442930383635458,0.136318743011384,-3.24922585002466,0.00115719561487234,0.0305177902830352
"Gm4928",4.02891292701891,-3.89961032529121,1.20021590961036,-3.24909067949048,0.00115774565234955,0.0305177902830352
"Myl6",358.719666760452,-1.05098234788862,0.32376769098687,-3.24610014262122,0.00116997675901192,0.0307762143724318
"Fxyd5",1654.30945801572,0.626487956833568,0.193252645819791,3.24180791510492,0.00118774047943214,0.0311788023575986
"Ttc21b",8.4101103583103,2.06990895151586,0.638867865449946,3.2399641044053,0.00119544747684248,0.0313162780142269
"Rpl10",841.508724895283,-0.800453769401701,0.247240387109985,-3.23755264565906,0.00120559693350221,0.0315170381853082
"Rab5if",918.509817239586,0.442712734340137,0.136825794561063,3.23559410533926,0.00121389864164754,0.0316687672375496
"Parp9",494.903688188224,1.11657003974295,0.345247160271258,3.23411795441175,0.00122019049698845,0.0317675468404857
"Gm42725",2.71757218293226,-5.52507076849819,1.70992930521661,-3.23116912005803,0.00123284970920693,0.0319415052881003
"Nbdy",74.1821969634706,0.979083536556534,0.303046500421793,3.23080297972029,0.00123442997012139,0.0319415052881003
"Selp",5.90953480162116,-4.52208181505626,1.3994490555086,-3.23133007039888,0.00123215563919394,0.0319415052881003
"Rps16",1213.5082624678,-0.879124015351896,0.272541073131363,-3.22565698172094,0.0012568388934563,0.0324551126886608
"Bcl3",348.175629761045,1.11101851710747,0.344533090875423,3.22470771757944,0.00126101339726345,0.0324967253331367
"Tnfaip2",1914.72102813197,0.432140589709137,0.13403751743435,3.22402710808781,0.00126401433533465,0.0325079873381501
"Lamp2",980.69813674754,0.566018492701892,0.175811536330654,3.21946161506356,0.00128431553976634,0.0329632322443267
"Nadk",499.406348196195,0.659013458020643,0.204846786089976,3.21710421041793,0.00129491554958428,0.033101278736248
"mt-Ti",6.20588487125002,-4.51219146452949,1.40242209974794,-3.2174275243812,0.00129345701425809,0.033101278736248
"Rpgrip1",25.977836762935,-2.29989689084429,0.715073192715157,-3.21630976279715,0.00129850591516664,0.0331262706205188
"Ngp",1218.31444392495,-1.69286606475946,0.526448562868615,-3.2156343167413,0.00130156569829621,0.0331376535917624
"Ankrd13b",64.1862188603548,-0.996397558635681,0.310105329130369,-3.21309395562433,0.0013131332542467,0.0332984330611878
"Nkiras2",173.868808080471,-0.648320933906146,0.201764775908621,-3.21325132688062,0.00131241391546714,0.0332984330611878
"Gm9493",3.69370169717113,-5.21359651012291,1.62371509040958,-3.21090599016838,0.00132317213840312,0.0334299010413027
"Pgs1",174.195494812245,0.682926770081959,0.212695768269356,3.21081503237576,0.00132359100266061,0.0334299010413027
"Ifit3",1250.66440969779,2.41644364776124,0.75313778344652,3.20850142015592,0.00133428650243284,0.0335663066752896
"Iqcc",25.8496750299347,0.976380936989598,0.304267837983288,3.20895216353174,0.00133219654629355,0.0335663066752896
"Tsc22d1",199.856702491166,-1.07586874003066,0.335439026162284,-3.20734516892545,0.00133966151862275,0.0336347889002333
"Dnmt3aos",20.7825819794009,-1.2568439168901,0.392599094482449,-3.20134186388523,0.00136789135130675,0.0342756807178228
"Srsf9",238.466851926778,-0.493463735051793,0.154298204852313,-3.19811714934799,0.00138328073501502,0.034592931832851
"Eif1b",207.115867938289,0.61932380447811,0.193887596284919,3.19424149014675,0.00140198785757328,0.0349041684742163
"Rpl23a",4375.68332807918,-0.459125188444368,0.143753771892231,-3.19383055067636,0.00140398500842735,0.0349041684742163
"Sdf2",201.732828905514,0.456750057281178,0.14298406775279,3.19441224787973,0.00140115875187312,0.0349041684742163
"Iglc1",357.697167624106,-1.54627014046593,0.484319313165554,-3.19266669412658,0.00140965555304637,0.034976561168444
"Hspa8",2353.90614806313,-0.532054962547294,0.166707472836432,-3.19154836609711,0.00141512415993806,0.0350436703590912
"Dnajc19-ps",11.1565209368733,-3.03303830176408,0.951091341507255,-3.18900842579161,0.00142761716447434,0.0352209470650946
"Il18",28.1972790427611,1.68982107330977,0.52989663728259,3.18896357217041,0.00142783869322964,0.0352209470650946
"Rnf114",1042.13672797849,0.629456310154183,0.197515555274911,3.18686955707402,0.00143821622342567,0.0354080456248818
"Ly6d",313.294462319361,-1.67940854809725,0.527245953119633,-3.18524691969743,0.00144630545884114,0.0355381916911761
"Gypc",174.570551342371,0.863291351455563,0.271293750952573,3.18212766945186,0.00146197357613968,0.0357844845016892
"Pgls",237.774030230509,-0.73448437840069,0.230789016720361,-3.18249277560136,0.00146013158403099,0.0357844845016892
"Bag1",427.205992838419,0.421344733322816,0.132446796963334,3.18123762131793,0.00146647292309337,0.0358254531635854
"Srsf6",329.740674074372,-0.369686274041254,0.116291237949913,-3.17896928916071,0.00147799749814127,0.0360375582287177
"Gm9892",12.5525116980246,-2.51936217969308,0.792820925027955,-3.17771907900166,0.00148438498122564,0.03612383335309
"Tmem108",11.7665539360373,-2.82105893601352,0.888311669266617,-3.17575354868699,0.0014944785722979,0.036299796586523
"Map4k1",186.197812279667,-0.986192351838288,0.310791043720631,-3.173168505862,0.00150784982553127,0.0364847861410516
"Nectin2",78.7261708386526,0.902811864814189,0.284466057297249,3.1737068154701,0.00150505634215739,0.0364847861410516
"Cd8b1",112.70891535153,-1.9064600623031,0.60112086643649,-3.17150870773261,0.00151649321525352,0.0366240332879987
"Cbfa2t3",59.7227806722834,-1.635184363366,0.515949308873776,-3.1692732895317,0.00152820627683848,0.0367230963648849
"Fam83f",6.58769504353004,-2.29545565997991,0.724331381420222,-3.1690683558113,0.00152928424013402,0.0367230963648849
"Mbtd1",113.316533958312,-0.730382200058443,0.230440526621526,-3.16950412658108,0.001526992898695,0.0367230963648849
"Ntaq1",63.3138369067823,0.782679685501044,0.247162352969698,3.16666222058907,0.00154199314199552,0.0368885491459644
"mt-Rnr1",210.949253682541,-2.70836799434926,0.855236879953169,-3.16680449339085,0.00154123897772425,0.0368885491459644
"Dnajb14",73.465487172601,-0.771976045108978,0.243851648567073,-3.16576102579286,0.0015467781244857,0.0369333330326822
"Nusap1",14.5214598297982,-2.01686462286997,0.637233965524597,-3.16503000779251,0.00155066957722622,0.0369532031330755
"Pla2g4a",72.3671402187384,1.37480159469434,0.434518552715835,3.16396523485945,0.00155635385070292,0.0369532031330755
"Thap3",63.5106603197372,1.17275657875772,0.370655461590052,3.16400727977077,0.00155612903122205,0.0369532031330755
"Mrpl42",170.600110881005,0.692505955209756,0.218938059168099,3.16302226228312,0.00156140390923319,0.0370038133928366
"Nfe2l2",1090.02797834204,0.736839339172605,0.233046766343875,3.16176598685499,0.00156815529344705,0.0370265875987996
"Trim16",6.9716912388483,-1.82348131055502,0.576730439694782,-3.16175666316493,0.00156820550047759,0.0370265875987996
"Elovl1",431.562591564112,-0.325168230310976,0.103031170414186,-3.15601801866172,0.00159938979736677,0.037692682603742
"Caskin2",26.0994993227566,1.08634744440195,0.344538680757146,3.15304929482702,0.00161574519695365,0.0380074830281545
"Ifi204",784.429344155058,1.51624973882843,0.481312185695934,3.15024174307174,0.00163135415469615,0.0382327898842745
"Ift57",76.2554122399158,1.07699735092288,0.341869667614737,3.15031561131822,0.00163094170299545,0.0382327898842745
"Epsti1",791.228412020543,0.779314337040402,0.2475333320538,3.14832079613028,0.00164211374311636,0.0384139486143401
"N4bp2",39.2898802515028,-0.919624089629948,0.292318210927436,-3.14596920497105,0.00165537434452596,0.0386528385161043
"Lgals9",781.360053151223,0.763090683947763,0.243134622708898,3.13855211341661,0.00169784741538567,0.0395717047420495
"Ckb",684.197002769523,-1.19818122164876,0.382184805624943,-3.1350833523837,0.00171805287998395,0.0397616287763827
"Ctsc",535.963110378568,0.985760481967202,0.314348507020872,3.13588409027103,0.00171336906258185,0.0397616287763827
"Fcmr",599.233354065478,-1.24462733403478,0.396981811127645,-3.13522508877513,0.00171722295370671,0.0397616287763827
"Pbdc1",66.4497236202173,-0.669195490074795,0.213459477085379,-3.13500013778789,0.00171854030834117,0.0397616287763827
"H2-M2",1446.5947781176,1.22028667973497,0.389666721196833,3.1316163617641,0.00173846879287169,0.0401259667092525
"Tmc6",142.635618808713,-0.63416858333943,0.202528646081765,-3.13125375401662,0.00174061690118218,0.0401259667092525
"Ccnyl1",26.4911670174312,-1.05032705293402,0.335610555711219,-3.12960076809321,0.00175044023750887,0.0402062169771286
"Sh3tc1",104.920908745996,-1.0270564756251,0.328166426779913,-3.12968174624976,0.00174995781699189,0.0402062169771286
"5330406M23Rik",71.0605655197305,-0.948859085087087,0.303316051335861,-3.12828510363409,0.00175829534882119,0.0402857983968046
"Nucb2",85.9980521073483,0.581994257668328,0.186062106510545,3.12795694181471,0.00176025966652179,0.0402857983968046
"Rps19",6315.7320832684,-0.492520991387023,0.1576630087265,-3.12388426026681,0.00178480647453173,0.0407739843073654
"Psenen",89.7762272534419,1.06236604520952,0.340185122611584,3.1229056610524,0.00179075137110467,0.0408362169680505
"Ciao2a",471.441353557504,0.425856984371852,0.136431448750087,3.12139897562718,0.00179993993227849,0.0409720617618654
"Fosl2",49.073013941616,1.45431320374451,0.466205320620694,3.11946933983566,0.00181177115335783,0.0411674667624085
"Cd274",1408.16705669282,0.989322000180771,0.317211254359449,3.11881116002182,0.0018158229849459,0.0411857238392291
"Fosb",4.89935969742767,-4.87669904465146,1.56504779173491,-3.11600646983788,0.00183318250401852,0.0414404720493039
"Gtf3a",88.8097424410516,-0.80198831843831,0.25742289311859,-3.11545064513299,0.00183664081219464,0.0414404720493039
"Trim30d",56.9204577790313,1.56341415666659,0.501831670690054,3.11541548287853,0.00183685979112775,0.0414404720493039
"Smim11",66.8642991719704,0.77045852315922,0.248170286728664,3.10455588102535,0.00190564926376496,0.0429160337749129
"Fbl-ps2",16.5318385325855,-2.29371874504518,0.739149792837343,-3.10318526403205,0.00191449751054274,0.0429878521698697
"Gm4202",5.3249320758457,-3.4097628163764,1.09896212756652,-3.10271185043181,0.00191756246674311,0.0429878521698697
"Nosip",146.902366078152,0.581270501780131,0.187356211895697,3.10248854787761,0.00191900972696161,0.0429878521698697
"Snhg12",104.577632778815,1.28165876437771,0.413623798840069,3.09860981880609,0.00194430896422577,0.0433254582843765
"Tent2-ps1",5.49182131839424,-3.89194147138995,1.2560296756899,-3.09860630422782,0.00194433202648554,0.0433254582843765
"Vps37b",241.19733312838,-0.668932206449212,0.215839573951813,-3.09921018746337,0.00194037309769746,0.0433254582843765
"Mgst2",204.939159413461,0.796200509429742,0.25700099405935,3.09804447388975,0.00194802192356895,0.0433315262612819
"Sema6d",11.3518837412136,-2.28478586607232,0.737812312272191,-3.09670335947094,0.00195685587932373,0.0434517963116386
"Sun2",324.941726634767,-0.539158619744372,0.174171836660708,-3.0955556884588,0.00196444480521434,0.0435440484008961
"Zfp358",44.3902282306391,0.754347630105641,0.243904839321857,3.09279484655982,0.00198281155632949,0.0438744637394442
"Ddrgk1",159.865943966601,0.606815587072782,0.196332683753614,3.09075175600564,0.00199650473745266,0.0441004940177044
"Plpp1",49.0286299616154,1.55564336434927,0.503668215683292,3.08862722703047,0.00201083573820623,0.0443398023038554
"Adgrg1",15.9862945858063,-2.13566297866002,0.692887173120389,-3.08226658179015,0.00205430772782487,0.045136186875859
"Psmc3",556.435658875268,-0.312608427817873,0.101437445755957,-3.08178528637208,0.00205763199102819,0.045136186875859
"Stx11",9.09696237293409,4.05281577797651,1.31508636855636,3.08178677452607,0.00205762170488384,0.045136186875859
"Eif3k",532.685419703121,-0.563401872833941,0.183070090740576,-3.07752003920905,0.00208730803815973,0.0456760702413861
"Slco2b1",3.5413532885728,-3.42479596341201,1.11295327174486,-3.07721451597219,0.00208944875305655,0.0456760702413861
"Arg2",58.9301077392562,2.13096747002169,0.693391330144836,3.07325369871091,0.00211738394991932,0.0461470177476631
"Cd3g",25.4510663153041,-2.88000192778852,0.937284632294547,-3.07270793583593,0.00212125988826405,0.0461470177476631
"Prkag2",24.0160294502155,-1.06489692671854,0.346576602601622,-3.07261632413946,0.00212191114022301,0.0461470177476631
"Stk16",103.66062022208,0.549598478682693,0.178971115390797,3.07087809942181,0.00213430267842938,0.0463334407007736
"Tpm2",8.64171301187731,-2.72612667083357,0.887876257293914,-3.07039032572209,0.00213779184556767,0.0463334407007736
"Ccdc9",134.54748475183,-0.515741585763077,0.168071004120482,-3.0685934701346,0.00215069037161639,0.046533452596799
"Kifbp",86.8030300322574,0.621085830515709,0.202686921428749,3.06426199647046,0.00218207721472105,0.0471321243704399
"Itgb1bp1",118.585653714113,0.684709646029833,0.223578146925101,3.06250702694665,0.0021949132203327,0.0473287495248271
"Mapkapk2",2125.16570468928,0.391764208589458,0.127978224965546,3.06117863952973,0.00220467514433617,0.0474585333701838
"H2-Q5",26.887869493216,2.18101308732746,0.712754254759485,3.059979049951,0.00221352474624671,0.0474914594654379
"Ptges",118.216415743392,2.76363944950396,0.903163172181122,3.05995586913694,0.00221369607572157,0.0474914594654379
"Id1",82.5166932347733,-1.14706570808274,0.375116065458136,-3.05789544545848,0.00222897331278573,0.0477384335013686
"Alas1",3554.34703874552,0.501120461201689,0.163996206636338,3.05568324707001,0.00224548340496308,0.0479301078981935
"Itgad",5.28722358188157,-3.66407218400221,1.19897341523536,-3.05600786259548,0.00224305373813555,0.0479301078981935
"Rpl36a-ps2",25.7061762578868,-2.50354265659178,0.819774359408602,-3.05394115814731,0.00225856375499837,0.0481282854615535
"Mgll",306.367925746003,-1.30904770771979,0.428870714732352,-3.05231311617241,0.00227085085876252,0.0483089228829699
"Themis2",357.147601679804,1.03741799177264,0.339952267033486,3.05165781309659,0.0022758138021903,0.0483334056917435
"Eci2",154.617326607991,-0.512319175827996,0.168053711963184,-3.04854424126157,0.0022995305085474,0.0487094691438885
"Ggps1",38.6787419327654,0.966163984176906,0.317074877420053,3.04711616397459,0.00231048400968461,0.0487094691438885
"Gm4332",98.1147742566525,-1.36823008819721,0.449056587639763,-3.04689904537114,0.0023121535106457,0.0487094691438885
"Lsm2",52.0018069968114,-0.750699297604367,0.246387472076263,-3.04682413954882,0.00231272974403509,0.0487094691438885
"Siglecf",49.075629666826,-1.41410511169691,0.463937464559363,-3.04805112697676,0.00230330735846884,0.0487094691438885
"Gpr141",12.5154090675304,2.19374155269338,0.720343496635748,3.04541036733018,0.00232363026866632,0.0488578908398347
"Slc14a1",21.1355400891719,-2.36134743235376,0.77568677349645,-3.04420226441384,0.00233298229434774,0.0489733154139652
"Rpl18-ps2",12.6869524192123,-3.54065660493292,1.16328997715,-3.04365779339674,0.00233720834730965,0.0489809332818828
"Slc4a1",201.467463525441,-4.68687977028193,1.54089136371365,-3.0416678817553,0.00235271326049921,0.0492245073100156
"Dgcr8",36.0625227167518,-0.742663069277415,0.244474522016575,-3.03779331748551,0.00238317347018303,0.049779664626772
